{
  "Aice": 0.28,
  "Cdeb": 0,
  "Cice": 0,
  "Deb_Par": {
    "alb": 0.13,
    "e_sur": 0.94,
    "lan": 0.94,
    "rho": 1496,
    "cs": 948,
    "zom": 0.016
  },
  "N": 1,
  "Pr_liq": 0.24270426485218322,
  "Pr_sno": 0.25729573514781678,
  "Pr_sno_day": 0,
  "SWE": 0,
  "SWEtm1": 0,
  "Ta": 1.7,
  "Ta_day": [
    -0.2,
    -0.9,
    -1,
    0.4,
    1.5,
    3.2,
    3.9,
    4.1,
    4.1,
    3.8,
    3.2,
    3.7,
    4.3,
    3.6,
    3.5,
    3.2
  ],
  "Th_Pr_sno": 8,
  "Ts": 0,
  "a": 15,
  "dt": 3600,
  "e_sno": 0.97,
  "h_S": -0.08641286709729451,
  "inputs": {
    "Aice": 0.28,
    "Cdeb": 0,
    "Cice": 0,
    "Deb_Par": {
      "alb": 0.13,
      "e_sur": 0.94,
      "lan": 0.94,
      "rho": 1496,
      "cs": 948,
      "zom": 0.016
    },
    "N": 1,
    "Pr_liq": 0.24270426485218322,
    "Pr_sno": 0.25729573514781678,
    "Pr_sno_day": 0,
    "SWE": 0,
    "SWEtm1": 0,
    "Ta": 1.7,
    "Ta_day": [
      -0.2,
      -0.9,
      -1,
      0.4,
      1.5,
      3.2,
      3.9,
      4.1,
      4.1,
      3.8,
      3.2,
      3.7,
      4.3,
      3.6,
      3.5,
      3.2
    ],
    "Th_Pr_sno": 8,
    "Ts": 0,
    "dt": 3600,
    "h_S": -0.08641286709729451,
    "ros": 172.92036000000002,
    "snow_albtm1": {
      "dir_vis": 0.25726231148210493,
      "dir_nir": 0.25726231148210493,
      "dif_vis": 0.25726231148210493,
      "dif_nir": 0.25726231148210493
    },
    "tau_snotm1": 0
  },
  "ros": 172.92036000000002,
  "snow_alb": {
    "dir_vis": 0.60144719625953569,
    "dir_nir": 0.60144719625953569,
    "dif_vis": 0.60144719625953569,
    "dif_nir": 0.60144719625953569
  },
  "snow_albtm1": {
    "dir_vis": 0.25726231148210493,
    "dir_nir": 0.25726231148210493,
    "dif_vis": 0.25726231148210493,
    "dif_nir": 0.25726231148210493
  },
  "tau_sno": 0.49995719625953566,
  "tau_snotm1": 0,
  "w": [
    {
      "name": "Aice",
      "size": [
        1,
        1
      ],
      "bytes": 8,
      "class": "double",
      "global": false,
      "sparse": false,
      "complex": false,
      "nesting": {
        "function": "Albedo_Snow_Properties",
        "level": 1
      },
      "persistent": false
    },
    {
      "name": "Cdeb",
      "size": [
        1,
        1
      ],
      "bytes": 8,
      "class": "double",
      "global": false,
      "sparse": false,
      "complex": false,
      "nesting": {
        "function": "Albedo_Snow_Properties",
        "level": 1
      },
      "persistent": false
    },
    {
      "name": "Cice",
      "size": [
        1,
        1
      ],
      "bytes": 8,
      "class": "double",
      "global": false,
      "sparse": false,
      "complex": false,
      "nesting": {
        "function": "Albedo_Snow_Properties",
        "level": 1
      },
      "persistent": false
    },
    {
      "name": "Deb_Par",
      "size": [
        1,
        1
      ],
      "bytes": 851,
      "class": "struct",
      "global": false,
      "sparse": false,
      "complex": false,
      "nesting": {
        "function": "Albedo_Snow_Properties",
        "level": 1
      },
      "persistent": false
    },
    {
      "name": "N",
      "size": [
        1,
        1
      ],
      "bytes": 8,
      "class": "double",
      "global": false,
      "sparse": false,
      "complex": false,
      "nesting": {
        "function": "Albedo_Snow_Properties",
        "level": 1
      },
      "persistent": false
    },
    {
      "name": "Pr_liq",
      "size": [
        1,
        1
      ],
      "bytes": 8,
      "class": "double",
      "global": false,
      "sparse": false,
      "complex": false,
      "nesting": {
        "function": "Albedo_Snow_Properties",
        "level": 1
      },
      "persistent": false
    },
    {
      "name": "Pr_sno",
      "size": [
        1,
        1
      ],
      "bytes": 8,
      "class": "double",
      "global": false,
      "sparse": false,
      "complex": false,
      "nesting": {
        "function": "Albedo_Snow_Properties",
        "level": 1
      },
      "persistent": false
    },
    {
      "name": "Pr_sno_day",
      "size": [
        1,
        1
      ],
      "bytes": 8,
      "class": "double",
      "global": false,
      "sparse": false,
      "complex": false,
      "nesting": {
        "function": "Albedo_Snow_Properties",
        "level": 1
      },
      "persistent": false
    },
    {
      "name": "SWE",
      "size": [
        1,
        1
      ],
      "bytes": 8,
      "class": "double",
      "global": false,
      "sparse": false,
      "complex": false,
      "nesting": {
        "function": "Albedo_Snow_Properties",
        "level": 1
      },
      "persistent": false
    },
    {
      "name": "SWEtm1",
      "size": [
        1,
        1
      ],
      "bytes": 8,
      "class": "double",
      "global": false,
      "sparse": false,
      "complex": false,
      "nesting": {
        "function": "Albedo_Snow_Properties",
        "level": 1
      },
      "persistent": false
    },
    {
      "name": "Ta",
      "size": [
        1,
        1
      ],
      "bytes": 8,
      "class": "double",
      "global": false,
      "sparse": false,
      "complex": false,
      "nesting": {
        "function": "Albedo_Snow_Properties",
        "level": 1
      },
      "persistent": false
    },
    {
      "name": "Ta_day",
      "size": [
        16,
        1
      ],
      "bytes": 128,
      "class": "double",
      "global": false,
      "sparse": false,
      "complex": false,
      "nesting": {
        "function": "Albedo_Snow_Properties",
        "level": 1
      },
      "persistent": false
    },
    {
      "name": "Th_Pr_sno",
      "size": [
        1,
        1
      ],
      "bytes": 8,
      "class": "double",
      "global": false,
      "sparse": false,
      "complex": false,
      "nesting": {
        "function": "Albedo_Snow_Properties",
        "level": 1
      },
      "persistent": false
    },
    {
      "name": "Ts",
      "size": [
        1,
        1
      ],
      "bytes": 8,
      "class": "double",
      "global": false,
      "sparse": false,
      "complex": false,
      "nesting": {
        "function": "Albedo_Snow_Properties",
        "level": 1
      },
      "persistent": false
    },
    {
      "name": "a",
      "size": [
        1,
        1
      ],
      "bytes": 8,
      "class": "double",
      "global": false,
      "sparse": false,
      "complex": false,
      "nesting": {
        "function": "Albedo_Snow_Properties",
        "level": 1
      },
      "persistent": false
    },
    {
      "name": "dt",
      "size": [
        1,
        1
      ],
      "bytes": 8,
      "class": "double",
      "global": false,
      "sparse": false,
      "complex": false,
      "nesting": {
        "function": "Albedo_Snow_Properties",
        "level": 1
      },
      "persistent": false
    },
    {
      "name": "e_sno",
      "size": [
        1,
        1
      ],
      "bytes": 8,
      "class": "double",
      "global": false,
      "sparse": false,
      "complex": false,
      "nesting": {
        "function": "Albedo_Snow_Properties",
        "level": 1
      },
      "persistent": false
    },
    {
      "name": "h_S",
      "size": [
        1,
        1
      ],
      "bytes": 8,
      "class": "double",
      "global": false,
      "sparse": false,
      "complex": false,
      "nesting": {
        "function": "Albedo_Snow_Properties",
        "level": 1
      },
      "persistent": false
    },
    {
      "name": "inputs",
      "size": [
        1,
        1
      ],
      "bytes": 4242,
      "class": "struct",
      "global": false,
      "sparse": false,
      "complex": false,
      "nesting": {
        "function": "Albedo_Snow_Properties",
        "level": 1
      },
      "persistent": false
    },
    {
      "name": "ros",
      "size": [
        1,
        1
      ],
      "bytes": 8,
      "class": "double",
      "global": false,
      "sparse": false,