{
  "Kbot": "NaN",
  "Ks_Zs": [
    12.739807275575847,
    12.739807275575847,
    12.739807275575847,
    12.739807275575847,
    12.739807275575847,
    12.739807275575847,
    12.739807275575847,
    12.739807275575847,
    12.739807275575847,
    12.739807275575847,
    12.739807275575847,
    12.739807275575847,
    12.739807275575847,
    12.739807275575847,
    12.739807275575847,
    12.739807275575847
  ],
  "Ks_mac": [
    1273.9807275575847,
    1273.9807275575847,
    1273.9807275575847,
    1273.9807275575847,
    1273.9807275575847,
    1273.9807275575847,
    1273.9807275575847,
    1273.9807275575847,
    1273.9807275575847,
    1273.9807275575847,
    1273.9807275575847,
    1273.9807275575847,
    1273.9807275575847,
    1273.9807275575847,
    1273.9807275575847,
    1273.9807275575847
  ],
  "L": [
    0.12853006950346382,
    0.12853006950346382,
    0.12853006950346382,
    0.12853006950346382,
    0.12853006950346382,
    0.12853006950346382,
    0.12853006950346382,
    0.12853006950346382,
    0.12853006950346382,
    0.12853006950346382,
    0.12853006950346382,
    0.12853006950346382,
    0.12853006950346382,
    0.12853006950346382,
    0.12853006950346382,
    0.12853006950346382
  ],
  "Lk": 0.19999999999999984,
  "O": [
    0.3637920100711049,
    0.3637920100711049,
    0.3637920100711049,
    0.3637920100711049,
    0.3637920100711049,
    0.3637920100711049,
    0.3637920100711049,
    0.3637920100711049,
    0.3637920100711049,
    0.3637920100711049,
    0.3637920100711049,
    0.3637920100711049,
    0.3637920100711049,
    0.3637920100711049,
    0.3637920100711049,
    0.3637920100711049
  ],
  "Ohy": [
    0.1348211047911452,
    0.1348211047911452,
    0.1348211047911452,
    0.1348211047911452,
    0.1348211047911452,
    0.1348211047911452,
    0.1348211047911452,
    0.1348211047911452,
    0.1348211047911452,
    0.1348211047911452,
    0.1348211047911452,
    0.1348211047911452,
    0.1348211047911452,
    0.1348211047911452,
    0.1348211047911452,
    0.1348211047911452
  ],
  "Omac": [
    0,
    0,
    0,
    0,
    0,
    0,
    0,
    0,
    0,
    0,
    0,
    0,
    0,
    0,
    0,
    0
  ],
  "Osat": [
    0.45504636790367492,
    0.45504636790367492,
    0.45504636790367492,
    0.45504636790367492,
    0.45504636790367492,
    0.45504636790367492,
    0.45504636790367492,
    0.45504636790367492,
    0.45504636790367492,
    0.45504636790367492,
    0.45504636790367492,
    0.45504636790367492,
    0.45504636790367492,
    0.45504636790367492,
    0.45504636790367492,
    0.45504636790367492
  ],
  "SPAR": 2,
  "a": 11,
  "alpVG": [
    -9.6658678274624761E-5,
    -9.6658678274624761E-5,
    -9.6658678274624761E-5,
    -9.6658678274624761E-5,
    -9.6658678274624761E-5,
    -9.6658678274624761E-5,
    -9.6658678274624761E-5,
    -9.6658678274624761E-5,
    -9.6658678274624761E-5,
    -9.6658678274624761E-5,
    -9.6658678274624761E-5,
    -9.6658678274624761E-5,
    -9.6658678274624761E-5,
    -9.6658678274624761E-5,
    -9.6658678274624761E-5,
    -9.6658678274624761E-5
  ],
  "alpVGM": [
    -0.0028997603482387429,
    -0.0028997603482387429,
    -0.0028997603482387429,
    -0.0028997603482387429,
    -0.0028997603482387429,
    -0.0028997603482387429,
    -0.0028997603482387429,
    -0.0028997603482387429,
    -0.0028997603482387429,
    -0.0028997603482387429,
    -0.0028997603482387429,
    -0.0028997603482387429,
    -0.0028997603482387429,
    -0.0028997603482387429,
    -0.0028997603482387429,
    -0.0028997603482387429
  ],
  "inputs": {
    "Kbot": null,
    "Ks_Zs": [
      12.739807275575847,
      12.739807275575847,
      12.739807275575847,
      12.739807275575847,
      12.739807275575847,
      12.739807275575847,
      12.739807275575847,
      12.739807275575847,
      12.739807275575847,
      12.739807275575847,
      12.739807275575847,
      12.739807275575847,
      12.739807275575847,
      12.739807275575847,
      12.739807275575847,
      12.739807275575847
    ],
    "Ks_mac": [
      1273.9807275575847,
      1273.9807275575847,
      1273.9807275575847,
      1273.9807275575847,
      1273.9807275575847,
      1273.9807275575847,
      1273.9807275575847,
      1273.9807275575847,
      1273.9807275575847,
      1273.9807275575847,
      1273.9807275575847,
      1273.9807275575847,
      1273.9807275575847,
      1273.9807275575847,
      1273.9807275575847,
      1273.9807275575847
    ],
    "L": [
      0.12853006950346382,
      0.12853006950346382,
      0.12853006950346382,
      0.12853006950346382,
      0.12853006950346382,
      0.12853006950346382,
      0.12853006950346382,
      0.12853006950346382,
      0.12853006950346382,
      0.12853006950346382,
      0.12853006950346382,
      0.12853006950346382,
      0.12853006950346382,
      0.12853006950346382,
      0.12853006950346382,
      0.12853006950346382
    ],
    "O": [
      0.3637920100711049,
      0.3637920100711049,
      0.3637920100711049,
      0.3637920100711049,
      0.3637920100711049,
      0.3637920100711049,
      0.3637920100711049,
      0.3637920100711049,
      0.3637920100711049,
      0.3637920100711049,
      0.3637920100711049,
      0.3637920100711049,
      0.3637920100711049,
      0.3637920100711049,
      0.3637920100711049,
      0.3637920100711049
    ],
    "Ohy": [
      0.1348211047911452,
      0.1348211047911452,
      0.1348211047911452,
      0.1348211047911452,
      0.1348211047911452,
      0.1348211047911452,
      0.1348211047911452,
      0.1348211047911452,
      0.1348211047911452,
      0.1348211047911452,
      0.1348211047911452,
      0.1348211047911452,
      0.1348211047911452,
      0.1348211047911452,
      0.1348211047911452,
      0.1348211047911452
    ],
    "Omac": [
      0,
      0,
      0,
      0,
      0,
      0,
      0,
      0,
      0,
      0,
      0,
      0,
      0,
      0,
      0,
      0
    ],
    "Osat": [
      0.45504636790367492,
      0.45504636790367492,
      0.45504636790367492,
      0.45504636790367492,
      0.45504636790367492,
      0.45504636790367492,
      0.45504636790367492,
      0.45504636790367492,
      0.45504636790367492,
      0.45504636790367492,
      0.45504636790367492,
      0.45504636790367492,
      0.45504636790367492,
      0.45504636790367492,
      0.45504636790367492,
      0.45504636790367492
    ],
    "SPAR": 2,
    "alpVG": [
      -9.6658678274624761E-5,
      -9.6658678274624761E-5,
      -9.6658678274624761E-5,
      -9.6658678274624761E-5,
      -9.6658678274624761E-5,
      -9.6658678274624761E-5,
      -9.6658678274624761E-5,
      -9.6658678274624761E-5,
      -9.6658678274624761E-5,
      -9.6658678274624761E-5,
      -9.6658678274624761E-5,
      -9.6658678274624761E-5,
      -9.6658678274624761E-5,
      -9.6658678274624761E-5,
      -9.6658678274624761E-5,
      -9.6658678274624761E-5
    ],
    "alpVGM": [
      -0.0028997603482387429,
      -0.0028997603482387429,
      -0.0028997603482387429,
      -0.0028997603482387429,
      -0.0028997603482387429,
      -0.0028997603482387429,
      -0.0028997603482387429,
      -0.0028997603482387429,
      -0.0028997603482387429,
      -0.0028997603482387429,
      -0.0028997603482387429,
      -0.0028997603482387429,
      -0.0028997603482387429,
      -0.0028997603482387429,
      -0.0028997603482387429,
      -0.0028997603482387429
    ],
    "lVG": [
      0.5,
      0.5,
      0.5,
      0.5,
      0.5,
      0.5,
      0.5,
      0.5,
      0.5,
      0.5,
      0.5,
      0.5,
      0.5,
      0.5,
      0.5,
      0.5
    ],
    "lVGM": [
      0.5,
      0.5,
      0.5,
      0.5,
      0.5,
      0.5,
      0.5,
      0.5,
      0.5,
      0.5,
      0.5,
      0.5,
      0.5,
      0.5,
      0.5,
      0.5
    ],
    "ms": 16,