{
  "Ccrown": 1,
  "Cfol_H": 0,
  "Csnow": 0,
  "Cwat": 0,
  "D": 0.001487943554754436,
  "Dtm1": 0,
  "ESN": 0,
  "ESN_In": 0,
  "G": 0,
  "H": 25.915131350259024,
  "In_SWE": 0,
  "In_SWEtm1": 0,
  "In_max_SWE": 0,
  "NIn_SWE": 0,
  "Pr_liq": 0.24270426485218322,
  "Pr_sno": 0.25729573514781678,
  "Pr_sno_day": 0,
  "QE": 0,
  "Qfm": 0,
  "Qv": -0.67552806464093162,
  "Rn": -12.127632652186776,
  "SP_wc": 0.010157488612902887,
  "SP_wctm1": 0,
  "SWE": 0.25729573514781678,
  "SWEtm1": 0,
  "Sm": 0,
  "Ta": 1.7,
  "Tdew": -0.596107307454685,
  "Th_Pr_sno": 8,
  "Ts": 2.6755140315649868,
  "TsF": -255.74869059806571,
  "Tstm1": 3.0826587631394236,
  "U_SWE": 0,
  "WR_SP": 0.23254677623928033,
  "Ws": 4.7,
  "a": 36,
  "dQ": -38.718292067086736,
  "dQ2": 0,
  "dt": 3600,
  "dw_SNO": 0,
  "fpr": 1,
  "inputs": {
    "Ccrown": 1,
    "Cfol_H": 0,
    "Csnow": 0,
    "Cwat": 0,
    "Dtm1": 0,
    "ESN": 0,
    "ESN_In": 0,
    "G": 0,
    "H": 25.915131350259024,
    "In_SWEtm1": 0,
    "In_max_SWE": 0,
    "Pr_liq": 0.24270426485218322,
    "Pr_sno": 0.25729573514781678,
    "Pr_sno_day": 0,
    "QE": 0,
    "Qv": -0.67552806464093162,
    "Rn": -12.127632652186776,
    "SP_wctm1": 0,
    "SWEtm1": 0,
    "Ta": 1.7,
    "Tdew": -0.596107307454685,
    "Th_Pr_sno": 8,
    "Ts": 2.6755140315649868,
    "Tstm1": 3.0826587631394236,
    "Ws": 4.7,
    "dt": 3600,
    "dw_SNO": 0,
    "fpr": 1,
    "ros_max1": 580,
    "ros_max2": 300,
    "rostm1": 0,
    "t_slstm1": 0
  },
  "ros": 172.92036000000002,
  "ros_max1": 580,
  "ros_max2": 300,
  "rostm1": 0,
  "t_sls": 1,
  "t_slstm1": 0,
  "w": [
    {
      "name": "Ccrown",
      "size": [
        1,
        1
      ],
      "bytes": 8,
      "class": "double",
      "global": false,
      "sparse": false,
      "complex": false,
      "nesting": {
        "function": "Snowpacks",
        "level": 1
      },
      "persistent": false
    },
    {
      "name": "Cfol_H",
      "size": [
        1,
        1
      ],
      "bytes": 8,
      "class": "double",
      "global": false,
      "sparse": false,
      "complex": false,
      "nesting": {
        "function": "Snowpacks",
        "level": 1
      },
      "persistent": false
    },
    {
      "name": "Csnow",
      "size": [
        1,
        1
      ],
      "bytes": 8,
      "class": "double",
      "global": false,
      "sparse": false,
      "complex": false,
      "nesting": {
        "function": "Snowpacks",
        "level": 1
      },
      "persistent": false
    },
    {
      "name": "Cwat",
      "size": [
        1,
        1
      ],
      "bytes": 8,
      "class": "double",
      "global": false,
      "sparse": false,
      "complex": false,
      "nesting": {
        "function": "Snowpacks",
        "level": 1
      },
      "persistent": false
    },
    {
      "name": "D",
      "size": [
        1,
        1
      ],
      "bytes": 8,
      "class": "double",
      "global": false,
      "sparse": false,
      "complex": false,
      "nesting": {
        "function": "Snowpacks",
        "level": 1
      },
      "persistent": false
    },
    {
      "name": "Dtm1",
      "size": [
        1,
        1
      ],
      "bytes": 8,
      "class": "double",
      "global": false,
      "sparse": false,
      "complex": false,
      "nesting": {
        "function": "Snowpacks",
        "level": 1
      },
      "persistent": false
    },
    {
      "name": "ESN",
      "size": [
        1,
        1
      ],
      "bytes": 8,
      "class": "double",
      "global": false,
      "sparse": false,
      "complex": false,
      "nesting": {
        "function": "Snowpacks",
        "level": 1
      },
      "persistent": false
    },
    {
      "name": "ESN_In",
      "size": [
        1,
        1
      ],
      "bytes": 8,
      "class": "double",
      "global": false,
      "sparse": false,
      "complex": false,
      "nesting": {
        "function": "Snowpacks",
        "level": 1
      },
      "persistent": false
    },
    {
      "name": "G",
      "size": [
        1,
        1
      ],
      "bytes": 8,
      "class": "double",
      "global": false,
      "sparse": false,
      "complex": false,
      "nesting": {
        "function": "Snowpacks",
        "level": 1
      },
      "persistent": false
    },
    {
      "name": "H",
      "size": [
        1,
        1
      ],
      "bytes": 8,
      "class": "double",
      "global": false,
      "sparse": false,
      "complex": false,
      "nesting": {
        "function": "Snowpacks",
        "level": 1
      },
      "persistent": false
    },
    {
      "name": "In_SWE",
      "size": [
        1,
        1
      ],
      "bytes": 8,
      "class": "double",
      "global": false,
      "sparse": false,
      "complex": false,
      "nesting": {
        "function": "Snowpacks",
        "level": 1
      },
      "persistent": false
    },
    {
      "name": "In_SWEtm1",
      "size": [
        1,
        1
      ],
      "bytes": 8,
      "class": "double",
      "global": false,
      "sparse": false,
      "complex": false,
      "nesting": {
        "function": "Snowpacks",
        "level": 1
      },
      "persistent": false
    },
    {
      "name": "In_max_SWE",
      "size": [
        1,
        1
      ],
      "bytes": 8,
      "class": "double",
      "global": false,
      "sparse": false,
      "complex": false,
      "nesting": {
        "function": "Snowpacks",
        "level": 1
      },
      "persistent": false
    },
    {
      "name": "NIn_SWE",
      "size": [
        1,
        1
      ],
      "bytes": 8,
      "class": "double",
      "global": false,
      "sparse": false,
      "complex": false,
      "nesting": {
        "function": "Snowpacks",
        "level": 1
      },
      "persistent": false
    },
    {
      "name": "Pr_liq",
      "size": [
        1,
        1
      ],
      "bytes": 8,
      "class": "double",
      "global": false,
      "sparse": false,
      "complex": false,
      "nesting": {
        "function": "Snowpacks",
        "level": 1
      },
      "persistent": false
    },
    {
      "name": "Pr_sno",
      "size": [
        1,
        1
      ],
      "bytes": 8,
      "class": "double",
      "global": false,
      "sparse": false,
      "complex": false,
      "nesting": {
        "function": "Snowpacks",
        "level": 1
      },
      "persistent": false
    },
    {
      "name": "Pr_sno_day",
      "size": [
        1,
        1
      ],
      "bytes": 8,
      "class": "double",
      "global": false,
      "sparse": false,
      "complex": false,
      "nesting": {
        "function": "Snowpacks",
        "level": 1
      },
      "persistent": false
    },
    {
      "name": "QE",
      "size": [
        1,
        1
      ],
      "bytes": 8,
      "class": "double",
      "global": false,
      "sparse": false,
      "complex": false,
      "nesting": {
        "function": "Snowpacks",
        "level": 1
      },
      "persistent": false
    },
    {
      "name": "Qfm",
      "size": [
        1,
        1
      ],
      "bytes": 8,
      "class": "double",
      "global": false,
      "sparse": false,
      "complex": false,
      "nesting": {
        "function": "Snowpacks",
        "level": 1
      },
      "persistent": false
    },
    {
      "name": "Qv",
      "size": [
        1,
        1
      ],
      "bytes": 8,
      "class": "double",
      "global": false,
      "sparse": false,
      "complex": false,
      "nesting": {
        "function": "Snowpacks",
        "level": 1
      },
      "persistent": false
    },
    {
      "name": "Rn",
      "size": [
        1,
        1
      ],
      "bytes": 8,
      "class": "double",
      "global": false,
      "sparse": false,
      "complex": false,
      "nesting": {
        "function": "Snowpacks",
        "level": 1
      },
      "persistent": false
    },
    {
      "name": "SP_wc",