{
  "Kfc": 0.2,
  "Ks": [
    12.739807275575847,
    12.739807275575847,
    12.739807275575847,
    12.739807275575847,
    12.739807275575847,
    12.739807275575847,
    12.739807275575847,
    12.739807275575847,
    12.739807275575847,
    12.739807275575847,
    12.739807275575847,
    12.739807275575847,
    12.739807275575847,
    12.739807275575847,
    12.739807275575847,
    12.739807275575847
  ],
  "L": [
    0.12853006950346382,
    0.12853006950346382,
    0.12853006950346382,
    0.12853006950346382,
    0.12853006950346382,
    0.12853006950346382,
    0.12853006950346382,
    0.12853006950346382,
    0.12853006950346382,
    0.12853006950346382,
    0.12853006950346382,
    0.12853006950346382,
    0.12853006950346382,
    0.12853006950346382,
    0.12853006950346382,
    0.12853006950346382
  ],
  "O33": [
    0.280998147903675,
    0.280998147903675,
    0.280998147903675,
    0.280998147903675,
    0.280998147903675,
    0.280998147903675,
    0.280998147903675,
    0.280998147903675,
    0.280998147903675,
    0.280998147903675,
    0.280998147903675,
    0.280998147903675,
    0.280998147903675,
    0.280998147903675,
    0.280998147903675,
    0.280998147903675
  ],
  "Ofc": [
    0.3637920100711049,
    0.3637920100711049,
    0.3637920100711049,
    0.3637920100711049,
    0.3637920100711049,
    0.3637920100711049,
    0.3637920100711049,
    0.3637920100711049,
    0.3637920100711049,
    0.3637920100711049,
    0.3637920100711049,
    0.3637920100711049,
    0.3637920100711049,
    0.3637920100711049,
    0.3637920100711049,
    0.3637920100711049
  ],
  "Ohy": [
    0.1348211047911452,
    0.1348211047911452,
    0.1348211047911452,
    0.1348211047911452,
    0.1348211047911452,
    0.1348211047911452,
    0.1348211047911452,
    0.1348211047911452,
    0.1348211047911452,
    0.1348211047911452,
    0.1348211047911452,
    0.1348211047911452,
    0.1348211047911452,
    0.1348211047911452,
    0.1348211047911452,
    0.1348211047911452
  ],
  "Osat": [
    0.45504636790367492,
    0.45504636790367492,
    0.45504636790367492,
    0.45504636790367492,
    0.45504636790367492,
    0.45504636790367492,
    0.45504636790367492,
    0.45504636790367492,
    0.45504636790367492,
    0.45504636790367492,
    0.45504636790367492,
    0.45504636790367492,
    0.45504636790367492,
    0.45504636790367492,
    0.45504636790367492,
    0.45504636790367492
  ],
  "Oss": [
    0.46100992228088566,
    0.46100992228088566,
    0.46100992228088566,
    0.46100992228088566,
    0.46100992228088566,
    0.46100992228088566,
    0.46100992228088566,
    0.46100992228088566,
    0.46100992228088566,
    0.46100992228088566,
    0.46100992228088566,
    0.46100992228088566,
    0.46100992228088566,
    0.46100992228088566,
    0.46100992228088566,
    0.46100992228088566
  ],
  "Owp": [
    0.46100992228088566,
    0.46100992228088566,
    0.46100992228088566,
    0.46100992228088566,
    0.46100992228088566,
    0.46100992228088566,
    0.46100992228088566,
    0.46100992228088566,
    0.46100992228088566,
    0.46100992228088566,
    0.46100992228088566,
    0.46100992228088566,
    0.46100992228088566,
    0.46100992228088566,
    0.46100992228088566,
    0.46100992228088566
  ],
  "Pe": [
    2.0601180991130974,
    2.0601180991130974,
    2.0601180991130974,
    2.0601180991130974,
    2.0601180991130974,
    2.0601180991130974,
    2.0601180991130974,
    2.0601180991130974,
    2.0601180991130974,
    2.0601180991130974,
    2.0601180991130974,
    2.0601180991130974,
    2.0601180991130974,
    2.0601180991130974,
    2.0601180991130974,
    2.0601180991130974
  ],
  "Phy": 10000,
  "Pss": 1,
  "Pwp": 1,
  "a": 14,
  "alpVG": [
    -9.6658678274624761E-5,
    -9.6658678274624761E-5,
    -9.6658678274624761E-5,
    -9.6658678274624761E-5,
    -9.6658678274624761E-5,
    -9.6658678274624761E-5,
    -9.6658678274624761E-5,
    -9.6658678274624761E-5,
    -9.6658678274624761E-5,
    -9.6658678274624761E-5,
    -9.6658678274624761E-5,
    -9.6658678274624761E-5,
    -9.6658678274624761E-5,
    -9.6658678274624761E-5,
    -9.6658678274624761E-5,
    -9.6658678274624761E-5
  ],
  "inputs": {
    "Kfc": 0.2,
    "Ks": [
      12.739807275575847,
      12.739807275575847,
      12.739807275575847,
      12.739807275575847,
      12.739807275575847,
      12.739807275575847,
      12.739807275575847,
      12.739807275575847,
      12.739807275575847,
      12.739807275575847,
      12.739807275575847,
      12.739807275575847,
      12.739807275575847,
      12.739807275575847,
      12.739807275575847,
      12.739807275575847
    ],
    "L": [
      0.12853006950346382,
      0.12853006950346382,
      0.12853006950346382,
      0.12853006950346382,
      0.12853006950346382,
      0.12853006950346382,
      0.12853006950346382,
      0.12853006950346382,
      0.12853006950346382,
      0.12853006950346382,
      0.12853006950346382,
      0.12853006950346382,
      0.12853006950346382,
      0.12853006950346382,
      0.12853006950346382,
      0.12853006950346382
    ],
    "O33": [
      0.280998147903675,
      0.280998147903675,
      0.280998147903675,
      0.280998147903675,
      0.280998147903675,
      0.280998147903675,
      0.280998147903675,
      0.280998147903675,
      0.280998147903675,
      0.280998147903675,
      0.280998147903675,
      0.280998147903675,
      0.280998147903675,
      0.280998147903675,
      0.280998147903675,
      0.280998147903675
    ],
    "Osat": [
      0.45504636790367492,
      0.45504636790367492,
      0.45504636790367492,
      0.45504636790367492,
      0.45504636790367492,
      0.45504636790367492,
      0.45504636790367492,
      0.45504636790367492,
      0.45504636790367492,
      0.45504636790367492,
      0.45504636790367492,
      0.45504636790367492,
      0.45504636790367492,
      0.45504636790367492,
      0.45504636790367492,
      0.45504636790367492
    ],
    "Pe": [
      2.0601180991130974,
      2.0601180991130974,
      2.0601180991130974,
      2.0601180991130974,
      2.0601180991130974,
      2.0601180991130974,
      2.0601180991130974,
      2.0601180991130974,
      2.0601180991130974,
      2.0601180991130974,
      2.0601180991130974,
      2.0601180991130974,
      2.0601180991130974,
      2.0601180991130974,
      2.0601180991130974,
      2.0601180991130974
    ],
    "Phy": 10000,
    "Pss": 1,
    "Pwp": 1,
    "alpVG": [
      -9.6658678274624761E-5,
      -9.6658678274624761E-5,
      -9.6658678274624761E-5,
      -9.6658678274624761E-5,
      -9.6658678274624761E-5,
      -9.6658678274624761E-5,
      -9.6658678274624761E-5,
      -9.6658678274624761E-5,
      -9.6658678274624761E-5,
      -9.6658678274624761E-5,
      -9.6658678274624761E-5,
      -9.6658678274624761E-5,
      -9.6658678274624761E-5,
      -9.6658678274624761E-5,
      -9.6658678274624761E-5,
      -9.6658678274624761E-5
    ],
    "ms": 16,
    "nVG": [
      1.1285300695034639,
      1.1285300695034639,
      1.1285300695034639,
      1.1285300695034639,
      1.1285300695034639,
      1.1285300695034639,
      1.1285300695034639,
      1.1285300695034639,
      1.1285300695034639,
      1.1285300695034639,
      1.1285300695034639,
      1.1285300695034639,
      1.1285300695034639,
      1.1285300695034639,
      1.1285300695034639,
      1.1285300695034639
    ]
  },
  "ms": 16,
  "nVG": [
    1.1285300695034639,
    1.1285300695034639,
    1.1285300695034639,
    1.1285300695034639,
    1.1285300695034639,
    1.1285300695034639,
    1.1285300695034639,
    1.1285300695034639,
    1.1285300695034639,
    1.1285300695034639,
    1.1285300695034639,
    1.1285300695034639,
    1.1285300695034639,
    1.1285300695034639,
    1.1285300695034639,
    1.1285300695034639
  ],
  "w": [
    {
      "name": "Kfc",
      "size": [
        1,
        1
      ],
      "bytes": 8,
      "class": "double",
      "global": false,
      "sparse": false,
      "complex": false,