{
  "Pre": 1007.8,
  "Ta": 10.278500000000001,
  "Ts": 12.78045576199823,
  "Ws": 0.9165,
  "disp_h": 0.013604712835201324,
  "ea": 1037.5064549169554,
  "id_location": "VAIRA",
  "zatm": 2,
  "zoh": 0.00030000000000000003,
  "zom": 0.003
}