{
  "Bfac": 0.999484538625388,
  "FNC": 1,
  "LAI": 0.48688251562448503,
  "OPT_VCA": 0,
  "Se": 0.62374097286523911,
  "TBio": 0,
  "Ts": 20.609540314679226,
  "aSE": 2,
  "age_cr": 180,
  "dflo": 2,
  "id_location": "VAIRA",
  "soCrop": "NaN"
}