{
  "PsiG50": -2.5,
  "PsiG99": -4,
  "PsiL00": -1,
  "PsiL50": -4,
  "Psi_l": [
    -0.027299379362788631,
    -0.027397772494362385,
    -0.027499122334584153,
    -0.027597029789445511,
    -0.027691346379025497,
    -0.027785864709925591,
    -0.027876605237478872,
    -0.027985168244923635,
    -0.028133490400457064,
    -0.02834718531453799,
    -0.028619076144681919,
    -0.028906379907741083,
    -0.029196833366295676,
    -0.029481909097777655,
    -0.029708353291718496,
    -0.029888458110027789,
    -0.02999053335054146,
    -0.030022808631276342,
    -0.030038784942708757,
    -0.030066203739552717,
    -0.030089090085976933,
    -0.030120217539006757,
    -0.030155588865513734,
    -0.0301925344803233
  ],
  "id_location": "VAIRA"
}