{
  "Ks": 15.574571870799046,
  "Ks_mac": 1557.4571870799045,
  "L": 0.27384270864743376,
  "O": 0.30578077780316687,
  "O33": 0.26031765664458639,
  "Ohy": 0.054446098178559624,
  "Omac": 0,
  "Osat": 0.43100482424458642,
  "Pe": 6.9714874207033422,
  "Phy1": 10000,
  "SPAR": 2,
  "alpVG": -9.8883233631452124E-5,
  "alpVGM": -0.0029664970089435636,
  "bVG": 0,
  "id_location": "VAIRA",
  "lVG": 0.5,
  "lVGM": 0.5,
  "nVG": 1.2738427086474338,
  "nVGM": 3,
  "s_SVG": 0
}