{
  "CLitter": 0,
  "Cbare": 0,
  "Ccrown": 1,
  "Cfol_H": 0,
  "Cfol_L": 0.30713871792673797,
  "Csno": 0,
  "Dr_H": 0,
  "Dr_L": 0,
  "K_usle": 5.6539465950072825E-5,
  "Pr_liq": 0,
  "dt": 3600,
  "hc_H": 0,
  "hc_L": 0.020305541545076602,
  "id_location": "VAIRA"
}