{
  "LAI": 0.48688251562448503,
  "LAIdead": 0.001351444372060334,
  "id_location": "VAIRA"
}