{
  "CLitter": 0,
  "Cbare": 0,
  "Ccrown": 1,
  "Cdeb": 0,
  "Cice": 0,
  "Cicew": 0,
  "Crock": 0,
  "Csno": 0,
  "Csnow": 0,
  "Curb": 0,
  "Cwat": 0,
  "FshdH": 1,
  "FshdL": 1,
  "FsunH": 0,
  "FsunL": 0,
  "ICE_avail": 0,
  "In_H": 0,
  "In_L": 0,
  "In_Litter": 0,
  "In_SWE": 0,
  "In_rock": 0,
  "In_urb": 0,
  "LAI_H": 0,
  "LAI_L": 0.48688251562448503,
  "Pr_liq": 0,
  "Pr_sno": 0,
  "Pre": 1007.8,
  "SAI_H": 0,
  "SAI_L": 0.0023514443720603342,
  "SWE": 0,
  "Ta": 10.278500000000001,
  "Ts": 12.78045576199823,
  "Vavail": 0.06703499112687468,
  "Vavail_plant_H": 0,
  "Vavail_plant_L": 0.0026665642191839576,
  "WAT_avail": 0,
  "alp_litter": 1,
  "alp_soil": 0.999765338741979,
  "b_soil": 1,
  "dt": 3600,
  "dw_H": 0,
  "dw_L": 0,
  "dw_SNO": 0,
  "ea": 1037.5064549169554,
  "id_location": "VAIRA",
  "r_litter": 0,
  "r_soil": 208.31946389721452,
  "ra": 279.60324566370781,
  "rap_H": 0,
  "rap_L": 43.362910665150586,
  "rb_H": 0,
  "rb_L": 25.862420368392144,
  "rs_shdH": "Inf",
  "rs_shdL": 2609.2972810283982,
  "rs_sunH": "Inf",
  "rs_sunL": "Inf"
}