{
  "AE": [
    0,
    0,
    0,
    0,
    0,
    0,
    0,
    0,
    0,
    0,
    0,
    0
  ],
  "G0": "NaN",
  "Gn": 0,
  "L": [
    0.27384270864743376,
    0.27384270864743376,
    0.27384270864743376,
    0.27384270864743376,
    0.27384270864743376,
    0.27384270864743376,
    0.27384270864743376,
    0.27384270864743376,
    0.27384270864743376,
    0.27384270864743376,
    0.27384270864743376,
    0.27384270864743376
  ],
  "O33": [
    0.26031765664458639,
    0.26031765664458639,
    0.26031765664458639,
    0.26031765664458639,
    0.26031765664458639,
    0.26031765664458639,
    0.26031765664458639,
    0.26031765664458639,
    0.26031765664458639,
    0.26031765664458639,
    0.26031765664458639,
    0.26031765664458639
  ],
  "OPT_FR_SOIL": 1,
  "OPZ": 3,
  "Ohy": [
    0.054446098178559624,
    0.054446098178559624,
    0.054446098178559624,
    0.054446098178559624,
    0.054446098178559624,
    0.054446098178559624,
    0.054446098178559624,
    0.054446098178559624,
    0.054446098178559624,
    0.054446098178559624,
    0.054446098178559624,
    0.054446098178559624
  ],
  "Oicetm1": [
    0,
    0,
    0,
    0,
    0,
    0,
    0,
    0,
    0,
    0,
    0,
    0
  ],
  "Osat": [
    0.43100482424458642,
    0.43100482424458642,
    0.43100482424458642,
    0.43100482424458642,
    0.43100482424458642,
    0.43100482424458642,
    0.43100482424458642,
    0.43100482424458642,
    0.43100482424458642,
    0.43100482424458642,
    0.43100482424458642,
    0.43100482424458642
  ],
  "Otm1": [
    0.27295949321818774,
    0.273700049649024,
    0.27515858931348741,
    0.27796949987905928,
    0.28125111576127465,
    0.28428537849030255,
    0.28848284939262037,
    0.29311766315583304,
    0.29691905211634412,
    0.29999543218029429,
    0.30378817066585506,
    0.30633139801509857
  ],
  "Pe": [
    6.9714874207033422,
    6.9714874207033422,
    6.9714874207033422,
    6.9714874207033422,
    6.9714874207033422,
    6.9714874207033422,
    6.9714874207033422,
    6.9714874207033422,
    6.9714874207033422,
    6.9714874207033422,
    6.9714874207033422,
    6.9714874207033422
  ],
  "Phy1": 10000,
  "Pre": 1007.8,
  "SPAR": 2,
  "Tdown": 21.830600787919867,
  "Ttm1": [
    12.78045576199823,
    13.076745581395796,
    13.672556262160306,
    14.834299393137627,
    16.929251718087517,
    18.836562040744258,
    20.088800582187659,
    21.201045688094908,
    21.564017989441123,
    21.595404835486747,
    21.615786203177933,
    21.71516923677915,
    21.824731659111151,
    21.824731659111151
  ],
  "Tup": 12.78045576199823,
  "Zs": [
    0,
    10,
    20,
    50,
    100,
    150,
    200,
    300,
    400,
    500,
    600,
    800,
    1000
  ],
  "alpVG": [
    -9.8883233631452124E-5,
    -9.8883233631452124E-5,
    -9.8883233631452124E-5,
    -9.8883233631452124E-5,
    -9.8883233631452124E-5,
    -9.8883233631452124E-5,
    -9.8883233631452124E-5,
    -9.8883233631452124E-5,
    -9.8883233631452124E-5,
    -9.8883233631452124E-5,
    -9.8883233631452124E-5,
    -9.8883233631452124E-5
  ],
  "bVG": [
    0,
    0,
    0,
    0,
    0,
    0,
    0,
    0,
    0,
    0,
    0,
    0
  ],
  "cv_s": [
    2.2056976744186045E+6,
    2.2056976744186045E+6,
    2.2056976744186045E+6,
    2.2056976744186045E+6,
    2.2056976744186045E+6,
    2.2056976744186045E+6,
    2.2056976744186045E+6,
    2.2056976744186045E+6,
    2.2056976744186045E+6,
    2.2056976744186045E+6,
    2.2056976744186045E+6,
    2.2056976744186045E+6
  ],
  "dts": 360,
  "id_location": "VAIRA",
  "lan_dry": [
    0.21852929333358867,
    0.21852929333358867,
    0.21852929333358867,
    0.21852929333358867,
    0.21852929333358867,
    0.21852929333358867,
    0.21852929333358867,
    0.21852929333358867,
    0.21852929333358867,
    0.21852929333358867,
    0.21852929333358867,
    0.21852929333358867
  ],
  "lan_s": [
    7.0223255813953491,
    7.0223255813953491,
    7.0223255813953491,
    7.0223255813953491,
    7.0223255813953491,
    7.0223255813953491,
    7.0223255813953491,
    7.0223255813953491,
    7.0223255813953491,
    7.0223255813953491,
    7.0223255813953491,
    7.0223255813953491
  ],
  "nVG": [
    1.2738427086474338,
    1.2738427086474338,
    1.2738427086474338,
    1.2738427086474338,
    1.2738427086474338,
    1.2738427086474338,
    1.2738427086474338,
    1.2738427086474338,
    1.2738427086474338,
    1.2738427086474338,
    1.2738427086474338,
    1.2738427086474338
  ],
  "rsd": [
    1507.8372157518461,
    1507.8372157518461,
    1507.8372157518461,
    1507.8372157518461,
    1507.8372157518461,
    1507.8372157518461,
    1507.8372157518461,
    1507.8372157518461,
    1507.8372157518461,
    1507.8372157518461,
    1507.8372157518461,
    1507.8372157518461
  ],
  "s_SVG": [
    0,
    0,
    0,
    0,
    0,
    0,
    0,
    0,
    0,
    0,
    0,
    0
  ]
}