{
  "N": 0.34803593472006966,
  "Ta": 10.278500000000001,
  "ea": 1037.5064549169554,
  "id_location": "VAIRA"
}