{
  "I1": [
    1,
    1,
    1,
    1,
    1,
    1,
    1,
    1,
    1,
    1,
    1,
    1
  ],
  "Koh": [
    0.14020459720113815,
    0.14416796627143846,
    0.15226266466200494,
    0.16895854125353876,
    0.19046380169728916,
    0.21250648867371966,
    0.24682807257507924,
    0.29057834053897363,
    0.33167802701599397,
    0.36879952838719782,
    0.41981897248254513,
    0.45759984144821897
  ],
  "SN": 0,
  "Slo_pot": [
    0,
    0,
    0,
    0,
    0,
    0,
    0,
    0,
    0,
    0,
    0,
    0
  ],
  "aT": 1000,
  "cosalp": 1,
  "dz": [
    10,
    10,
    30,
    50,
    50,
    50,
    100,
    100,
    100,
    100,
    200,
    200
  ],
  "id_location": "VAIRA",
  "sinalp": 0
}