{
  "Kbot": "NaN",
  "Ks_Zs": [
    15.574571870799046,
    15.574571870799046,
    15.574571870799046,
    15.574571870799046,
    15.574571870799046,
    15.574571870799046,
    15.574571870799046,
    15.574571870799046,
    15.574571870799046,
    15.574571870799046,
    15.574571870799046,
    15.574571870799046
  ],
  "Ks_mac": [
    1557.4571870799045,
    1557.4571870799045,
    1557.4571870799045,
    1557.4571870799045,
    1557.4571870799045,
    1557.4571870799045,
    1557.4571870799045,
    1557.4571870799045,
    1557.4571870799045,
    1557.4571870799045,
    1557.4571870799045,
    1557.4571870799045
  ],
  "L": [
    0.27384270864743376,
    0.27384270864743376,
    0.27384270864743376,
    0.27384270864743376,
    0.27384270864743376,
    0.27384270864743376,
    0.27384270864743376,
    0.27384270864743376,
    0.27384270864743376,
    0.27384270864743376,
    0.27384270864743376,
    0.27384270864743376
  ],
  "O": [
    0.27295949321818774,
    0.273700049649024,
    0.27515858931348741,
    0.27796949987905928,
    0.28125111576127465,
    0.28428537849030255,
    0.28848284939262037,
    0.29311766315583304,
    0.29691905211634412,
    0.29999543218029429,
    0.30378817066585506,
    0.30633139801509857
  ],
  "Ohy": [
    0.054446098178559624,
    0.054446098178559624,
    0.054446098178559624,
    0.054446098178559624,
    0.054446098178559624,
    0.054446098178559624,
    0.054446098178559624,
    0.054446098178559624,
    0.054446098178559624,
    0.054446098178559624,
    0.054446098178559624,
    0.054446098178559624
  ],
  "Omac": [
    0,
    0,
    0,
    0,
    0,
    0,
    0,
    0,
    0,
    0,
    0,
    0
  ],
  "Osat": [
    0.43100482424458642,
    0.43100482424458642,
    0.43100482424458642,
    0.43100482424458642,
    0.43100482424458642,
    0.43100482424458642,
    0.43100482424458642,
    0.43100482424458642,
    0.43100482424458642,
    0.43100482424458642,
    0.43100482424458642,
    0.43100482424458642
  ],
  "SPAR": 2,
  "alpVG": [
    -9.8883233631452124E-5,
    -9.8883233631452124E-5,
    -9.8883233631452124E-5,
    -9.8883233631452124E-5,
    -9.8883233631452124E-5,
    -9.8883233631452124E-5,
    -9.8883233631452124E-5,
    -9.8883233631452124E-5,
    -9.8883233631452124E-5,
    -9.8883233631452124E-5,
    -9.8883233631452124E-5,
    -9.8883233631452124E-5
  ],
  "alpVGM": [
    -0.0029664970089435636,
    -0.0029664970089435636,
    -0.0029664970089435636,
    -0.0029664970089435636,
    -0.0029664970089435636,
    -0.0029664970089435636,
    -0.0029664970089435636,
    -0.0029664970089435636,
    -0.0029664970089435636,
    -0.0029664970089435636,
    -0.0029664970089435636,
    -0.0029664970089435636
  ],
  "id_location": "VAIRA",
  "lVG": [
    0.5,
    0.5,
    0.5,
    0.5,
    0.5,
    0.5,
    0.5,
    0.5,
    0.5,
    0.5,
    0.5,
    0.5
  ],
  "lVGM": [
    0.5,
    0.5,
    0.5,
    0.5,
    0.5,
    0.5,
    0.5,
    0.5,
    0.5,
    0.5,
    0.5,
    0.5
  ],
  "ms": 12,
  "nVG": [
    1.2738427086474338,
    1.2738427086474338,
    1.2738427086474338,
    1.2738427086474338,
    1.2738427086474338,
    1.2738427086474338,
    1.2738427086474338,
    1.2738427086474338,
    1.2738427086474338,
    1.2738427086474338,
    1.2738427086474338,
    1.2738427086474338
  ],
  "nVGM": [
    3,
    3,
    3,
    3,
    3,
    3,
    3,
    3,
    3,
    3,
    3,
    3
  ]
}