{
  "BLit": 0,
  "In_Litter": 0,
  "Pre": 1007.8,
  "Sllit": 2,
  "Ta": 10.278500000000001,
  "Ws": 0.9165,
  "disp_h": 0.013604712835201324,
  "id_location": "VAIRA",
  "zatm": 2,
  "zom": 0.003
}