{
  "Csno": 0,
  "FshdH": 1,
  "FshdL": 1,
  "FsunH": 0,
  "FsunL": 0,
  "LAI_H": 0,
  "LAI_L": 0.48688251562448503,
  "Latm": 306.01451833987414,
  "SAI_H": 0,
  "SAI_L": 0.0023514443720603342,
  "SnoDep": 0,
  "SvF": 1,
  "Tg": 12.78045576199823,
  "Tsno": 12.78045576199823,
  "TvHshd": 12.78045576199823,
  "TvHsun": 12.78045576199823,
  "TvLshd": 12.78045576199823,
  "TvLsun": 12.78045576199823,
  "e_gr": 0.96,
  "e_sno": 0.96,
  "hc_L": 0.020305541545076602,
  "id_location": "VAIRA"
}