{
  "Ccrown": 1,
  "LAI_H": 0,
  "LAI_L": 0.48688251562448503,
  "SAI_H": 0,
  "SAI_L": 0.0023514443720603342,
  "Sp_LAI_H_In": 0.2,
  "Sp_LAI_L_In": 0.2,
  "Sp_SN_In": 5.9,
  "Ta": 10.278500000000001,
  "id_location": "VAIRA"
}