{
  "B": [
    18.3415111705181,
    0,
    139.91639086210358,
    119.98948612814284,
    0.0708868502710705,
    0,
    0.03403661598243575,
    0
  ],
  "FNCtm1": 1,
  "Kreserve": 99.990935310392771,
  "Nreserve": 999.9781696748978,
  "OPT_SoilBiogeochemistry": 0,
  "Preserve": 99.998440691064133,
  "St": {
    "Nl": 25,
    "Ns": 172.41379310344828,
    "Nr": 29.069767441860467,
    "Nf": 25,
    "Nh": 172.41379310344828,
    "Phol": 350,
    "Phos": 2413.7931034482758,
    "Phor": 406.97674418604652,
    "Phof": 350,
    "Phoh": 2413.7931034482758,
    "Kpotl": 50,
    "Kpots": 344.82758620689657,
    "Kpotr": 250,
    "Kpotf": 50,
    "Kpoth": 344.82758620689657,
    "ftransR": 0.2,
    "ftransL": 0.6,
    "FiS": 1,
    "Lig_fr_l": 0.15,
    "Lig_fr_fr": 0.1,
    "Lig_fr_h": 0.25,
    "Lig_fr_r": 0.1
  },
  "id_location": "VAIRA"
}