{
  "AgeDLtm1": 0,
  "AgeLtm1": 31.365266019582869,
  "Bfac_day": 1,
  "Bfac_lo": 0.93,
  "Bfac_ls": 0.7,
  "Bfac_week": 1,
  "LAI": 0.48688251562448503,
  "LAI_cut": 0,
  "LAI_min": 0.05,
  "LAIdead": 0.001351444372060334,
  "LDay_cr": 9,
  "LDay_min": 8,
  "L_day": 11.458301294736476,
  "NLeaf": 0.010469716632781793,
  "NLeafdead": 0.0004664923565170045,
  "NPPm": 0.092093743835640562,
  "PAR_Im": 0.31735207159798173,
  "PAR_th": "-Inf",
  "PHE_Stm1": 3,
  "Tlo": 8,
  "Tls": "NaN",
  "Tsmm": 21.230601464690164,
  "aSE": 2,
  "age_cr": 180,
  "dflotm1": 2,
  "dmg": 15,
  "dtd": 1,
  "id_location": "VAIRA",
  "jDay": 276,
  "jDay_dist": "NaN",
  "mjDay": -280
}