{
  "CT": 3,
  "Cc": 432.93952660313988,
  "Csl": 388.85,
  "DS": 0.649,
  "Do": 600,
  "Ds": 213.97143165697821,
  "FI": 0.081,
  "Ha": 72,
  "IPAR": 0,
  "Oa": 210000,
  "Pre": 1007.8,
  "Psi_L": -0.0301925344803233,
  "Psi_sto_00": -0.8,
  "Psi_sto_50": -2.5,
  "Ts": 10.278500000000001,
  "Vmax": 62.683190025037312,
  "a1": 5,
  "gmes": "Inf",
  "go": 0.01,
  "id_location": "VAIRA",
  "ra": 287.71863078788488,
  "rb": 29.262876634881348,
  "rjv": 2.2
}