{
  "B": [
    18.726250600941732,
    0,
    140.06438585543356,
    119.96084686344783,
    0.14546157019353517,
    0,
    0.051978629694628228,
    0
  ],
  "Btm1": [
    18.3415111705181,
    0,
    139.91639086210358,
    119.98948612814284,
    0.0708868502710705,
    0,
    0.03403661598243575,
    0
  ],
  "Kreserve": 99.98060532652508,
  "ManI": 0,
  "Mpar": {
    "jDay_cut": null,
    "LAI_cut": 0,
    "jDay_harv": null,
    "B_harv": 0,
    "Date_log": null,
    "fract_log": 0,
    "Date_fire": null,
    "fire_eff": 0,
    "funb_nit": 0.15,
    "Date_girdling": null,
    "fract_girdling": 0,
    "Date_sowing": null,
    "Date_harvesting": null,
    "Crop_B": [
      0,
      0
    ],
    "Crop_crown": 1,
    "fract_resprout": 0.2,
    "fract_left": 1,
    "fract_left_fr": 0,
    "fract_left_AB": 0,
    "fract_left_BG": 1
  },
  "Nreserve": 999.9506460423363,
  "NuLITtm1": [
    0.00054458534569902365,
    3.8898953264215983E-5,
    0.00027229267284951183
  ],
  "OPT_SB": 0,
  "Preserve": 99.996474717309752,
  "RB": [
    0,
    0,
    0,
    0,
    0,
    0,
    0
  ],
  "Rexmy": [
    0.0057278529390135252,
    0.0229114117560541,
    0
  ],
  "Sfr": 0.0021634842046460569,
  "Slf": 0,
  "Sll": 0.017941978529511758,
  "Sr": 0.13999038835876856,
  "St": {
    "Nl": 25,
    "Ns": 172.41379310344828,
    "Nr": 29.069767441860467,
    "Nf": 25,
    "Nh": 172.41379310344828,
    "Phol": 350,
    "Phos": 2413.7931034482758,
    "Phor": 406.97674418604652,
    "Phof": 350,
    "Phoh": 2413.7931034482758,
    "Kpotl": 50,
    "Kpots": 344.82758620689657,
    "Kpotr": 250,
    "Kpotf": 50,
    "Kpoth": 344.82758620689657,
    "ftransR": 0.2,
    "ftransL": 0.6,
    "FiS": 1,
    "Lig_fr_l": 0.15,
    "Lig_fr_fr": 0.1,
    "Lig_fr_h": 0.25,
    "Lig_fr_r": 0.1
  },
  "Swm": 0,
  "fab": 0,
  "fbe": 1,
  "id_location": "VAIRA",
  "rKc": 1,
  "rNc": 1,
  "rPc": 1
}