{
  "Pr": 0,
  "Pre": 1007.8,
  "Ta": 10.278500000000001,
  "Tmax": 2.8,
  "Tmin": -0.8,
  "ea": 1037.5064549169554,
  "id_location": "VAIRA"
}