{
  "AgeL": 31.690800544239895,
  "BLeaf": 18.726250600941732,
  "L_day": 11.458301294736476,
  "Lmax_day": 11.542666707492632,
  "NBL_Im": 0.012518258486153856,
  "aSE": 2,
  "age_cr": 180,
  "dflo": 3,
  "id_location": "VAIRA",
  "jDay": 276
}