{
  "RfH_Zs": [
    1,
    0,
    0,
    0,
    0,
    0,
    0,
    0,
    0,
    0,
    0,
    0
  ],
  "RfL_Zs": [
    0.10015005468747683,
    0.0906195168995766,
    0.22332150427841338,
    0.25115893342579571,
    0.15233559358346929,
    0.092396208073897187,
    0.090031798430592239,
    0,
    0,
    0,
    0,
    0
  ],
  "Tdp": [
    13.074650566136732,
    13.655341856124787,
    14.799570131171107,
    16.872642592871813,
    18.782353652997951,
    20.045597904174137,
    21.176475756718215,
    21.556518172982305,
    21.595097230552678,
    21.616835321534779,
    21.715048580603526,
    21.824094226440774
  ],
  "id_location": "VAIRA"
}