{
  "L": [
    0.27384270864743376,
    0.27384270864743376,
    0.27384270864743376,
    0.27384270864743376,
    0.27384270864743376,
    0.27384270864743376,
    0.27384270864743376,
    0.27384270864743376,
    0.27384270864743376,
    0.27384270864743376,
    0.27384270864743376,
    0.27384270864743376
  ],
  "O33": [
    0.26031765664458639,
    0.26031765664458639,
    0.26031765664458639,
    0.26031765664458639,
    0.26031765664458639,
    0.26031765664458639,
    0.26031765664458639,
    0.26031765664458639,
    0.26031765664458639,
    0.26031765664458639,
    0.26031765664458639,
    0.26031765664458639
  ],
  "OPT_FR_SOIL": 1,
  "Ohy": [
    0.054446098178559624,
    0.054446098178559624,
    0.054446098178559624,
    0.054446098178559624,
    0.054446098178559624,
    0.054446098178559624,
    0.054446098178559624,
    0.054446098178559624,
    0.054446098178559624,
    0.054446098178559624,
    0.054446098178559624,
    0.054446098178559624
  ],
  "Osat": [
    0.43100482424458642,
    0.43100482424458642,
    0.43100482424458642,
    0.43100482424458642,
    0.43100482424458642,
    0.43100482424458642,
    0.43100482424458642,
    0.43100482424458642,
    0.43100482424458642,
    0.43100482424458642,
    0.43100482424458642,
    0.43100482424458642
  ],
  "Otot": [
    0.27295949321818774,
    0.273700049649024,
    0.27515858931348741,
    0.27796949987905928,
    0.28125111576127465,
    0.28428537849030255,
    0.28848284939262037,
    0.29311766315583304,
    0.29691905211634412,
    0.29999543218029429,
    0.30378817066585506,
    0.30633139801509857
  ],
  "Pe": [
    6.9714874207033422,
    6.9714874207033422,
    6.9714874207033422,
    6.9714874207033422,
    6.9714874207033422,
    6.9714874207033422,
    6.9714874207033422,
    6.9714874207033422,
    6.9714874207033422,
    6.9714874207033422,
    6.9714874207033422,
    6.9714874207033422
  ],
  "Phy1": 10000,
  "Pre": 1007.8,
  "SPAR": 2,
  "Tdp": [
    13.074650566136732,
    13.655341856124787,
    14.799570131171107,
    16.872642592871813,
    18.782353652997951,
    20.045597904174137,
    21.176475756718215,
    21.556518172982305,
    21.595097230552678,
    21.616835321534779,
    21.715048580603526,
    21.824094226440774
  ],
  "alpVG": [
    -9.8883233631452124E-5,
    -9.8883233631452124E-5,
    -9.8883233631452124E-5,
    -9.8883233631452124E-5,
    -9.8883233631452124E-5,
    -9.8883233631452124E-5,
    -9.8883233631452124E-5,
    -9.8883233631452124E-5,
    -9.8883233631452124E-5,
    -9.8883233631452124E-5,
    -9.8883233631452124E-5,
    -9.8883233631452124E-5
  ],
  "bVG": [
    0,
    0,
    0,
    0,
    0,
    0,
    0,
    0,
    0,
    0,
    0,
    0
  ],
  "cv_s": [
    2.2056976744186045E+6,
    2.2056976744186045E+6,
    2.2056976744186045E+6,
    2.2056976744186045E+6,
    2.2056976744186045E+6,
    2.2056976744186045E+6,
    2.2056976744186045E+6,
    2.2056976744186045E+6,
    2.2056976744186045E+6,
    2.2056976744186045E+6,
    2.2056976744186045E+6,
    2.2056976744186045E+6
  ],
  "id_location": "VAIRA",
  "lan_dry": [
    0.21852929333358867,
    0.21852929333358867,
    0.21852929333358867,
    0.21852929333358867,
    0.21852929333358867,
    0.21852929333358867,
    0.21852929333358867,
    0.21852929333358867,
    0.21852929333358867,
    0.21852929333358867,
    0.21852929333358867,
    0.21852929333358867
  ],
  "lan_s": [
    7.0223255813953491,
    7.0223255813953491,
    7.0223255813953491,
    7.0223255813953491,
    7.0223255813953491,
    7.0223255813953491,
    7.0223255813953491,
    7.0223255813953491,
    7.0223255813953491,
    7.0223255813953491,
    7.0223255813953491,
    7.0223255813953491
  ],
  "nVG": [
    1.2738427086474338,
    1.2738427086474338,
    1.2738427086474338,
    1.2738427086474338,
    1.2738427086474338,
    1.2738427086474338,
    1.2738427086474338,
    1.2738427086474338,
    1.2738427086474338,
    1.2738427086474338,
    1.2738427086474338,
    1.2738427086474338
  ],
  "rsd": [
    1507.8372157518461,
    1507.8372157518461,
    1507.8372157518461,
    1507.8372157518461,
    1507.8372157518461,
    1507.8372157518461,
    1507.8372157518461,
    1507.8372157518461,
    1507.8372157518461,
    1507.8372157518461,
    1507.8372157518461,
    1507.8372157518461
  ],
  "s_SVG": [
    0,
    0,
    0,
    0,
    0,
    0,
    0,
    0,
    0,
    0,
    0,
    0
  ]
}