{
  "Ccrown": 1,
  "EvL_Zs": [
    1,
    0,
    0,
    0,
    0,
    0,
    0,
    0,
    0,
    0,
    0,
    0
  ],
  "Inf_Zs": [
    1,
    0,
    0,
    0,
    0,
    0,
    0,
    0,
    0,
    0,
    0,
    0
  ],
  "Ks_Zs": [
    15.574571870799046,
    15.574571870799046,
    15.574571870799046,
    15.574571870799046,
    15.574571870799046,
    15.574571870799046,
    15.574571870799046,
    15.574571870799046,
    15.574571870799046,
    15.574571870799046,
    15.574571870799046,
    15.574571870799046
  ],
  "Ks_mac": [
    1557.4571870799045,
    1557.4571870799045,
    1557.4571870799045,
    1557.4571870799045,
    1557.4571870799045,
    1557.4571870799045,
    1557.4571870799045,
    1557.4571870799045,
    1557.4571870799045,
    1557.4571870799045,
    1557.4571870799045,
    1557.4571870799045
  ],
  "L": [
    0.27384270864743376,
    0.27384270864743376,
    0.27384270864743376,
    0.27384270864743376,
    0.27384270864743376,
    0.27384270864743376,
    0.27384270864743376,
    0.27384270864743376,
    0.27384270864743376,
    0.27384270864743376,
    0.27384270864743376,
    0.27384270864743376
  ],
  "O33": [
    0.26031765664458639,
    0.26031765664458639,
    0.26031765664458639,
    0.26031765664458639,
    0.26031765664458639,
    0.26031765664458639,
    0.26031765664458639,
    0.26031765664458639,
    0.26031765664458639,
    0.26031765664458639,
    0.26031765664458639,
    0.26031765664458639
  ],
  "Ohy": [
    0.054446098178559624,
    0.054446098178559624,
    0.054446098178559624,
    0.054446098178559624,
    0.054446098178559624,
    0.054446098178559624,
    0.054446098178559624,
    0.054446098178559624,
    0.054446098178559624,
    0.054446098178559624,
    0.054446098178559624,
    0.054446098178559624
  ],
  "Omac": [
    0,
    0,
    0,
    0,
    0,
    0,
    0,
    0,
    0,
    0,
    0,
    0
  ],
  "Osat": [
    0.43100482424458642,
    0.43100482424458642,
    0.43100482424458642,
    0.43100482424458642,
    0.43100482424458642,
    0.43100482424458642,
    0.43100482424458642,
    0.43100482424458642,
    0.43100482424458642,
    0.43100482424458642,
    0.43100482424458642,
    0.43100482424458642
  ],
  "Osm_reg_Max_H": 0,
  "Osm_reg_Max_L": 0,
  "Pe": [
    6.9714874207033422,
    6.9714874207033422,
    6.9714874207033422,
    6.9714874207033422,
    6.9714874207033422,
    6.9714874207033422,
    6.9714874207033422,
    6.9714874207033422,
    6.9714874207033422,
    6.9714874207033422,
    6.9714874207033422,
    6.9714874207033422
  ],
  "Phy1": 10000,
  "PsiL50_H": -5.2,
  "PsiL50_L": -4,
  "PsiX50_H": -3.5,
  "PsiX50_L": -9,
  "Psi_sto_00_H": -0.5,
  "Psi_sto_00_L": -0.8,
  "Psi_sto_50_H": -2,
  "Psi_sto_50_L": -2.5,
  "RfH_Zs": [
    1,
    0,
    0,
    0,
    0,
    0,
    0,
    0,
    0,
    0,
    0,
    0
  ],
  "RfL_Zs": [
    0.10015005468747683,
    0.0906195168995766,
    0.22332150427841338,
    0.25115893342579571,
    0.15233559358346929,
    0.092396208073897187,
    0.090031798430592239,
    0,
    0,
    0,
    0,
    0
  ],
  "Rrootl_H": 0,
  "Rrootl_L": 1461.7665154113311,
  "SPAR": 2,
  "Salt": 0,
  "Tdp": [
    13.074650566136732,
    13.655341856124787,
    14.799570131171107,
    16.872642592871813,
    18.782353652997951,
    20.045597904174137,
    21.176475756718215,
    21.556518172982305,
    21.595097230552678,
    21.616835321534779,
    21.715048580603526,
    21.824094226440774
  ],
  "Ts": 12.78045576199823,
  "V": [
    2.1831670926174738,
    2.1905461790789076,
    6.6151497651191864,
    11.163866713625199,
    11.324751829009607,
    11.47339508002212,
    23.358720912963594,
    23.815566123262062,
    24.192311298266702,
    24.4987019878363,
    49.755988930597951,
    50.266935924921455
  ],
  "Zs": [
    0,
    10,
    20,
    50,
    100,
    150,
    200,
    300,
    400,
    500,
    600,
    800,
    1000
  ],
  "alpVG": [
    -9.8883233631452124E-5,
    -9.8883233631452124E-5,
    -9.8883233631452124E-5,
    -9.8883233631452124E-5,
    -9.8883233631452124E-5,
    -9.8883233631452124E-5,
    -9.8883233631452124E-5,
    -9.8883233631452124E-5,
    -9.8883233631452124E-5,
    -9.8883233631452124E-5,
    -9.8883233631452124E-5,
    -9.8883233631452124E-5
  ],
  "alpVGM": [
    -0.0029664970089435636,
    -0.0029664970089435636,
    -0.0029664970089435636,
    -0.0029664970089435636,
    -0.0029664970089435636,
    -0.0029664970089435636,
    -0.0029664970089435636,
    -0.0029664970089435636,
    -0.0029664970089435636,
    -0.0029664970089435636,
    -0.0029664970089435636,
    -0.0029664970089435636
  ],
  "bVG": [
    0,
    0,
    0,
    0,
    0,
    0,
    0,
    0,
    0,
    0,
    0,
    0
  ],
  "dz": [
    10,
    10,
    30,
    50,
    50,
    50,
    100,
    100,
    100,
    100,
    200,
    200
  ],
  "eps_root_base_H": 0.9,
  "eps_root_base_L": 0.9,
  "id_location": "VAIRA",
  "lVG": [
    0.5,
    0.5,
    0.5,
    0.5,
    0.5,
    0.5,
    0.5,
    0.5,
    0.5,
    0.5,
    0.5,
    0.5
  ],
  "lVGM": [
    0.5,
    0.5,
    0.5,
    0.5,
    0.5,
    0.5,
    0.5,
    0.5,
    0.5,
    0.5,
    0.5,
    0.5
  ],
  "n": 12,
  "nVG": [
    1.2738427086474338,
    1.2738427086474338,
    1.2738427086474338,
    1.2738427086474338,
    1.2738427086474338,
    1.2738427086474338,
    1.2738427086474338,
    1.2738427086474338,
    1.2738427086474338,
    1.2738427086474338,
    1.2738427086474338,
    1.2738427086474338
  ],
  "nVGM": [
    3,
    3,
    3,
    3,
    3,
    3,
    3,
    3,
    3,
    3,
    3,
    3
  ],
  "s_SVG": [
    0,
    0,
    0,
    0,
    0,
    0,
    0,
    0,
    0,
    0,
    0,
    0
  ]
}