{
  "CTt": 6.5780111802149726E-6,
  "Tdptm1": 20.421603276127431,
  "Ts": 12.78045576199823,
  "Tstm1": 13.44049689578487,
  "dt": 3600,
  "id_location": "VAIRA"
}