{
  "G0": "NaN",
  "L": [
    0.27384270864743376,
    0.27384270864743376,
    0.27384270864743376,
    0.27384270864743376,
    0.27384270864743376,
    0.27384270864743376,
    0.27384270864743376,
    0.27384270864743376,
    0.27384270864743376,
    0.27384270864743376,
    0.27384270864743376,
    0.27384270864743376
  ],
  "O33": [
    0.26031765664458639,
    0.26031765664458639,
    0.26031765664458639,
    0.26031765664458639,
    0.26031765664458639,
    0.26031765664458639,
    0.26031765664458639,
    0.26031765664458639,
    0.26031765664458639,
    0.26031765664458639,
    0.26031765664458639,
    0.26031765664458639
  ],
  "OPT_FR_SOIL": 1,
  "OPT_ST": {
    "AbsTol": 0.02,
    "BDF": [],
    "Events": [],
    "InitialStep": [],
    "Jacobian": [],
    "JConstant": [],
    "JPattern": [],
    "Mass": [],
    "MassSingular": [],
    "MaxOrder": [],
    "MaxStep": [],
    "MinStep": [],
    "NonNegative": [],
    "NormControl": [],
    "OutputFcn": [],
    "OutputSel": [],
    "Refine": [],
    "RelTol": [],
    "Stats": [],
    "Vectorized": [],
    "MStateDependence": [],
    "MvPattern": [],
    "InitialSlope": []
  },
  "Ohy": [
    0.054446098178559624,
    0.054446098178559624,
    0.054446098178559624,
    0.054446098178559624,
    0.054446098178559624,
    0.054446098178559624,
    0.054446098178559624,
    0.054446098178559624,
    0.054446098178559624,
    0.054446098178559624,
    0.054446098178559624,
    0.054446098178559624
  ],
  "Oicetm1": [
    0,
    0,
    0,
    0,
    0,
    0,
    0,
    0,
    0,
    0,
    0,
    0
  ],
  "Osat": [
    0.43100482424458642,
    0.43100482424458642,
    0.43100482424458642,
    0.43100482424458642,
    0.43100482424458642,
    0.43100482424458642,
    0.43100482424458642,
    0.43100482424458642,
    0.43100482424458642,
    0.43100482424458642,
    0.43100482424458642,
    0.43100482424458642
  ],
  "Otm1": [
    0.27295949321818774,
    0.273700049649024,
    0.27515858931348741,
    0.27796949987905928,
    0.28125111576127465,
    0.28428537849030255,
    0.28848284939262037,
    0.29311766315583304,
    0.29691905211634412,
    0.29999543218029429,
    0.30378817066585506,
    0.30633139801509857
  ],
  "Pe": [
    6.9714874207033422,
    6.9714874207033422,
    6.9714874207033422,
    6.9714874207033422,
    6.9714874207033422,
    6.9714874207033422,
    6.9714874207033422,
    6.9714874207033422,
    6.9714874207033422,
    6.9714874207033422,
    6.9714874207033422,
    6.9714874207033422
  ],
  "Phy": 10000,
  "Pre": 1007.8,
  "SPAR": 2,
  "Ttm1": [
    13.73520314146597,
    14.31639410684396,
    15.460378232032202,
    17.51449383718618,
    19.341637938256632,
    20.481999185803478,
    21.413829369694447,
    21.621289240771883,
    21.592273442011706,
    21.604288876695673,
    21.716586499456877,
    21.830600787919867
  ],
  "Tup": 12.78045576199823,
  "Zs": [
    0,
    10,
    20,
    50,
    100,
    150,
    200,
    300,
    400,
    500,
    600,
    800,
    1000
  ],
  "alpVG": [
    -9.8883233631452124E-5,
    -9.8883233631452124E-5,
    -9.8883233631452124E-5,
    -9.8883233631452124E-5,
    -9.8883233631452124E-5,
    -9.8883233631452124E-5,
    -9.8883233631452124E-5,
    -9.8883233631452124E-5,
    -9.8883233631452124E-5,
    -9.8883233631452124E-5,
    -9.8883233631452124E-5,
    -9.8883233631452124E-5
  ],
  "bVG": [
    0,
    0,
    0,
    0,
    0,
    0,
    0,
    0,
    0,
    0,
    0,
    0
  ],
  "cv_s": [
    2.2056976744186045E+6,
    2.2056976744186045E+6,
    2.2056976744186045E+6,
    2.2056976744186045E+6,
    2.2056976744186045E+6,
    2.2056976744186045E+6,
    2.2056976744186045E+6,
    2.2056976744186045E+6,
    2.2056976744186045E+6,
    2.2056976744186045E+6,
    2.2056976744186045E+6,
    2.2056976744186045E+6
  ],
  "dt": 3600,
  "dz": [
    10,
    10,
    30,
    50,
    50,
    50,
    100,
    100,
    100,
    100,
    200,
    200
  ],
  "id_location": "VAIRA",
  "lan_dry": [
    0.21852929333358867,
    0.21852929333358867,
    0.21852929333358867,
    0.21852929333358867,
    0.21852929333358867,
    0.21852929333358867,
    0.21852929333358867,
    0.21852929333358867,
    0.21852929333358867,
    0.21852929333358867,
    0.21852929333358867,
    0.21852929333358867
  ],
  "lan_s": [
    7.0223255813953491,
    7.0223255813953491,
    7.0223255813953491,
    7.0223255813953491,
    7.0223255813953491,
    7.0223255813953491,
    7.0223255813953491,
    7.0223255813953491,
    7.0223255813953491,
    7.0223255813953491,
    7.0223255813953491,
    7.0223255813953491
  ],
  "ms": 12,
  "nVG": [
    1.2738427086474338,
    1.2738427086474338,
    1.2738427086474338,
    1.2738427086474338,
    1.2738427086474338,
    1.2738427086474338,
    1.2738427086474338,
    1.2738427086474338,
    1.2738427086474338,
    1.2738427086474338,
    1.2738427086474338,
    1.2738427086474338
  ],
  "rsd": [
    1507.8372157518461,
    1507.8372157518461,
    1507.8372157518461,
    1507.8372157518461,
    1507.8372157518461,
    1507.8372157518461,
    1507.8372157518461,
    1507.8372157518461,
    1507.8372157518461,
    1507.8372157518461,
    1507.8372157518461,
    1507.8372157518461
  ],
  "s_SVG": [
    0,
    0,
    0,
    0,
    0,
    0,
    0,
    0,
    0,
    0,
    0,
    0
  ]
}