{
  "CLitter": 0,
  "CTt": 6.5780111802149726E-6,
  "CTt_oth": [],
  "Cbare": 0,
  "Ccrown": 1,
  "Cdeb": 0,
  "Cice": 0,
  "Cicew": 0,
  "Crock": 0,
  "Csno": 0,
  "Csnow": 0,
  "Curb": 0,
  "Cwat": 0,
  "FshdH": 1,
  "FshdL": 1,
  "FsunH": 0,
  "FsunL": 0,
  "ICE_D": 0,
  "ICEtm1": 0,
  "In_H": 0,
  "In_L": 0,
  "In_Litter": 0,
  "In_SWE": 0,
  "In_rock": 0,
  "In_urb": 0,
  "L": [
    0.27384270864743376,
    0.27384270864743376,
    0.27384270864743376,
    0.27384270864743376,
    0.27384270864743376,
    0.27384270864743376,
    0.27384270864743376,
    0.27384270864743376,
    0.27384270864743376,
    0.27384270864743376,
    0.27384270864743376,
    0.27384270864743376
  ],
  "LAI_H": 0,
  "LAI_L": 0.48688251562448503,
  "Latm": 306.01451833987414,
  "Lpho": 3.9052094891189882E-17,
  "O33": [
    0.26031765664458639,
    0.26031765664458639,
    0.26031765664458639,
    0.26031765664458639,
    0.26031765664458639,
    0.26031765664458639,
    0.26031765664458639,
    0.26031765664458639,
    0.26031765664458639,
    0.26031765664458639,
    0.26031765664458639,
    0.26031765664458639
  ],
  "OPT_FR_SOIL": 1,
  "OPT_STh": {
    "AbsTol": 0.02,
    "BDF": [],
    "Events": [],
    "InitialStep": [],
    "Jacobian": [],
    "JConstant": [],
    "JPattern": [],
    "Mass": [],
    "MassSingular": [],
    "MaxOrder": [],
    "MaxStep": [],
    "MinStep": [],
    "NonNegative": [],
    "NormControl": [],
    "OutputFcn": [],
    "OutputSel": [],
    "Refine": [],
    "RelTol": [],
    "Stats": [],
    "Vectorized": [],
    "MStateDependence": [],
    "MvPattern": [],
    "InitialSlope": []
  },
  "OPT_SoilTemp": 1,
  "Ohy": [
    0.054446098178559624,
    0.054446098178559624,
    0.054446098178559624,
    0.054446098178559624,
    0.054446098178559624,
    0.054446098178559624,
    0.054446098178559624,
    0.054446098178559624,
    0.054446098178559624,
    0.054446098178559624,
    0.054446098178559624,
    0.054446098178559624
  ],
  "Oicetm1": [
    0,
    0,
    0,
    0,
    0,
    0,
    0,
    0,
    0,
    0,
    0,
    0
  ],
  "Osat": [
    0.43100482424458642,
    0.43100482424458642,
    0.43100482424458642,
    0.43100482424458642,
    0.43100482424458642,
    0.43100482424458642,
    0.43100482424458642,
    0.43100482424458642,
    0.43100482424458642,
    0.43100482424458642,
    0.43100482424458642,
    0.43100482424458642
  ],
  "Otm1": [
    0.27295949321818774,
    0.273700049649024,
    0.27515858931348741,
    0.27796949987905928,
    0.28125111576127465,
    0.28428537849030255,
    0.28848284939262037,
    0.29311766315583304,
    0.29691905211634412,
    0.29999543218029429,
    0.30378817066585506,
    0.30633139801509857
  ],
  "Pe": [
    6.9714874207033422,
    6.9714874207033422,
    6.9714874207033422,
    6.9714874207033422,
    6.9714874207033422,
    6.9714874207033422,
    6.9714874207033422,
    6.9714874207033422,
    6.9714874207033422,
    6.9714874207033422,
    6.9714874207033422,
    6.9714874207033422
  ],
  "Phy": 10000,
  "Pr_liq": 0,
  "Pr_sno": 0,
  "Pre": 1007.8,
  "RabsbShd_vegH": 0,
  "RabsbShd_vegL": 0,
  "RabsbSun_vegH": 0,
  "RabsbSun_vegL": 0,
  "Rabsb_bare": 0,
  "Rabsb_deb": 0,
  "Rabsb_ice": 0,
  "Rabsb_rock": 0,
  "Rabsb_sno": 0,
  "Rabsb_soiH": 0,
  "Rabsb_soiL": 0,
  "Rabsb_urb": 0,
  "Rabsb_wat": 0,
  "SAI_H": 0,
  "SAI_L": 0.0023514443720603342,
  "SPAR": 2,
  "SWE": 0,
  "SnoDep": 0,
  "SvF": 1,
  "Ta": 10.278500000000001,
  "Tdamptm1": 20.421603276127431,
  "Tdptm1": [
    13.73520314146597,
    14.31639410684396,
    15.460378232032202,
    17.51449383718618,
    19.341637938256632,
    20.481999185803478,
    21.413829369694447,
    21.621289240771883,
    21.592273442011706,
    21.604288876695673,
    21.716586499456877,
    21.830600787919867
  ],
  "Ts": 12.780455761998235,
  "Tstm1": 13.44049689578487,
  "Vavail": 0.06703499112687468,
  "Vavail_plant_H": 0,
  "Vavail_plant_L": 0.0026665642191839576,
  "WAT_avail": 0,
  "Ws": 0.9165,
  "Zs": [
    0,
    10,
    20,
    50,
    100,
    150,
    200,
    300,
    400,
    500,
    600,
    800,
    1000
  ],
  "alpVG": [
    -9.8883233631452124E-5,
    -9.8883233631452124E-5,
    -9.8883233631452124E-5,
    -9.8883233631452124E-5,
    -9.8883233631452124E-5,
    -9.8883233631452124E-5,
    -9.8883233631452124E-5,
    -9.8883233631452124E-5,
    -9.8883233631452124E-5,
    -9.8883233631452124E-5,
    -9.8883233631452124E-5,
    -9.8883233631452124E-5
  ],
  "alp_litter": 1,
  "alp_soil": 0.999765338741979,
  "bVG": [
    0,
    0,
    0,
    0,
    0,
    0,
    0,
    0,
    0,
    0,
    0,
    0
  ],
  "b_soil": 1,
  "cv_s": [
    2.2056976744186045E+6,
    2.2056976744186045E+6,
    2.2056976744186045E+6,
    2.2056976744186045E+6,
    2.2056976744186045E+6,
    2.2056976744186045E+6,
    2.2056976744186045E+6,
    2.2056976744186045E+6,
    2.2056976744186045E+6,
    2.2056976744186045E+6,
    2.2056976744186045E+6,
    2.2056976744186045E+6
  ],
  "d_leaf_H": 3.5,
  "d_leaf_L": 0.8,
  "disp_h": 0.013604712835201324,
  "disp_h_H": 0,
  "disp_h_L": 0.013604712835201324,
  "dt": 3600,
  "dw_H": 0,
  "dw_L": 0,
  "dw_SNO": 0,
  "dz": [
    10,
    10,
    30,
    50,
    50,
    50,
    100,
    100,
    100,
    100,
    200,
    200
  ],
  "e_gr": 0.96,
  "e_sno": 0.96,
  "e_sur": {
    "R": 1,
    "U": 1,
    "W": 1,
    "I": 1,
    "D": 1
  },
  "ea": 1037.5064549169554,
  "hc_H": 0,
  "hc_L": 0.020305541545076602,
  "id_location": "VAIRA",
  "lan_dry": [
    0.21852929333358867,
    0.21852929333358867,
    0.21852929333358867,
    0.21852929333358867,
    0.21852929333358867,
    0.21852929333358867,
    0.21852929333358867,
    0.21852929333358867,
    0.21852929333358867,
    0.21852929333358867,
    0.21852929333358867,
    0.21852929333358867
  ],
  "lan_s": [
    7.0223255813953491,
    7.0223255813953491,
    7.0223255813953491,
    7.0223255813953491,
    7.0223255813953491,
    7.0223255813953491,
    7.0223255813953491,
    7.0223255813953491,
    7.0223255813953491,
    7.0223255813953491,
    7.0223255813953491,
    7.0223255813953491
  ],
  "ms": 12,
  "nVG": [
    1.2738427086474338,
    1.2738427086474338,
    1.2738427086474338,
    1.2738427086474338,
    1.2738427086474338,
    1.2738427086474338,
    1.2738427086474338,
    1.2738427086474338,
    1.2738427086474338,
    1.2738427086474338,
    1.2738427086474338,
    1.2738427086474338
  ],
  "r_litter": 0,
  "r_soil": 208.31946389721452,
  "rs_shdH": "Inf",
  "rs_shdL": 2609.2972810283982,
  "rs_sunH": "Inf",
  "rs_sunL": "Inf",
  "rsd": [
    1507.8372157518461,
    1507.8372157518461,
    1507.8372157518461,
    1507.8372157518461,
    1507.8372157518461,
    1507.8372157518461,
    1507.8372157518461,
    1507.8372157518461,
    1507.8372157518461,
    1507.8372157518461,
    1507.8372157518461,
    1507.8372157518461
  ],
  "s_SVG": [
    0,
    0,
    0,
    0,
    0,
    0,
    0,
    0,
    0,
    0,
    0,
    0
  ],
  "ydepth": 0,
  "zatm": 2,
  "zoh": 0.00030000000000000003,
  "zom": 0.003,
  "zom_H": 0,
  "zom_L": 0.0024975816100444221,
  "zom_under": 0.003
}