{
  "Aice": 0.28,
  "Axyl_H": 15,
  "Axyl_L": 0,
  "BLit": 0,
  "CT_H": 3,
  "CT_L": 3,
  "CTt": 6.5780111802149726E-6,
  "CTt_oth": [],
  "Ca": 388.85,
  "Cbare": 0,
  "Ccrown": 1,
  "Ccrown_L": 1,
  "Cicewtm1": 0,
  "Citm1_shdH": 0,
  "Citm1_shdL": 434.86680555782755,
  "Citm1_sunH": 0,
  "Citm1_sunL": 0,
  "Cl_H": 1200,
  "Cl_L": 1200,
  "Color_Class": 0,
  "Crock": 0,
  "Curb": 0,
  "Cwat": 0,
  "Cx_H": 150,
  "Cx_L": 150,
  "DSE_H": 0.649,
  "DSE_L": 0.649,
  "Deb_Par": {
    "alb": 0.13,
    "e_sur": 0.94,
    "lan": 0.94,
    "rho": 1496,
    "cs": 948,
    "zom": 0.016
  },
  "Do_H": 1000,
  "Do_L": 600,
  "Ds": 213.97143165697821,
  "EvL_Zs": [
    1,
    0,
    0,
    0,
    0,
    0,
    0,
    0,
    0,
    0,
    0,
    0
  ],
  "Exwat_H": [
    0,
    0,
    0,
    0,
    0,
    0,
    0,
    0,
    0,
    0,
    0,
    0
  ],
  "Exwat_L": [
    53003.208280917825,
    48237.403443803996,
    120384.28052565169,
    138874.24156603636,
    86659.696906203157,
    53940.827201934182,
    54738.8175696007,
    0,
    0,
    0,
    0,
    0
  ],
  "FI_H": 0.081,
  "FI_L": 0.081,
  "Ha_H": 72,
  "Ha_L": 72,
  "ICE_Dtm1": 0,
  "ICEtm1": 0,
  "IP_wctm1": 0,
  "Ice_wc_sp": 0.01,
  "In_Htm1": 0,
  "In_Littertm1": 0,
  "In_Ltm1": 0,
  "In_SWEtm1": 0,
  "In_max_rock": 0.1,
  "In_max_urb": 5,
  "In_rocktm1": 0,
  "In_urbtm1": 0,
  "KcI": 0.06,
  "Kct": 0.75,
  "Kleaf_max_H": 5,
  "Kleaf_max_L": 5,
  "KnitH": 0.4,
  "KnitL": 0.15,
  "Kx_max_H": 80000,
  "Kx_max_L": 0,
  "L": [
    0.27384270864743376,
    0.27384270864743376,
    0.27384270864743376,
    0.27384270864743376,
    0.27384270864743376,
    0.27384270864743376,
    0.27384270864743376,
    0.27384270864743376,
    0.27384270864743376,
    0.27384270864743376,
    0.27384270864743376,
    0.27384270864743376
  ],
  "LAI_H": 0,
  "LAI_L": 0.48688251562448503,
  "LAIdead_H": 0,
  "LAIdead_L": 0.001351444372060334,
  "Latm": 306.01451833987414,
  "N": 0.34803593472006966,
  "O33": [
    0.26031765664458639,
    0.26031765664458639,
    0.26031765664458639,
    0.26031765664458639,
    0.26031765664458639,
    0.26031765664458639,
    0.26031765664458639,
    0.26031765664458639,
    0.26031765664458639,
    0.26031765664458639,
    0.26031765664458639,
    0.26031765664458639
  ],
  "OM_H": 1,
  "OM_L": 1,
  "OPT_FR_SOIL": 1,
  "OPT_PH": {
    "AbsTol": 0.01,
    "BDF": [],
    "Events": [],
    "InitialStep": [],
    "Jacobian": [],
    "JConstant": [],
    "JPattern": [],
    "Mass": [],
    "MassSingular": [],
    "MaxOrder": [],
    "MaxStep": [],
    "MinStep": [],
    "NonNegative": [],
    "NormControl": [],
    "OutputFcn": [],
    "OutputSel": [],
    "Refine": [],
    "RelTol": [],
    "Stats": [],
    "Vectorized": [],
    "MStateDependence": [],
    "MvPattern": [],
    "InitialSlope": []
  },
  "OPT_PlantHydr": 0,
  "OPT_STh": {
    "AbsTol": 0.02,
    "BDF": [],
    "Events": [],
    "InitialStep": [],
    "Jacobian": [],
    "JConstant": [],
    "JPattern": [],
    "Mass": [],
    "MassSingular": [],
    "MaxOrder": [],
    "MaxStep": [],
    "MinStep": [],
    "NonNegative": [],
    "NormControl": [],
    "OutputFcn": [],
    "OutputSel": [],
    "Refine": [],
    "RelTol": [],
    "Stats": [],
    "Vectorized": [],
    "MStateDependence": [],
    "MvPattern": [],
    "InitialSlope": []
  },
  "OPT_SoilTemp": 1,
  "OPT_VegSnow": 1,
  "OS": 0.27295949321818774,
  "Oa": 210000,
  "Ohy": [
    0.054446098178559624,
    0.054446098178559624,
    0.054446098178559624,
    0.054446098178559624,
    0.054446098178559624,
    0.054446098178559624,
    0.054446098178559624,
    0.054446098178559624,
    0.054446098178559624,
    0.054446098178559624,
    0.054446098178559624,
    0.054446098178559624
  ],
  "Oicetm1": [
    0,
    0,
    0,
    0,
    0,
    0,
    0,
    0,
    0,
    0,
    0,
    0
  ],
  "Opt_CR": {
    "Display": [],
    "MaxFunEvals": [],
    "MaxIter": [],
    "TolFun": 1,
    "TolX": [],
    "FunValCheck": [],
    "OutputFcn": [],
    "PlotFcns": [],
    "ActiveConstrTol": [],
    "Algorithm": [],
    "AlwaysHonorConstraints": [],
    "DerivativeCheck": [],
    "Diagnostics": [],
    "DiffMaxChange": [],
    "DiffMinChange": [],
    "FinDiffRelStep": [],
    "FinDiffType": [],
    "GoalsExactAchieve": [],
    "GradConstr": [],
    "GradObj": [],
    "HessFcn": [],
    "Hessian": [],
    "HessMult": [],
    "HessPattern": [],
    "HessUpdate": [],
    "InitBarrierParam": [],
    "InitTrustRegionRadius": [],
    "Jacobian": [],
    "JacobMult": [],
    "JacobPattern": [],
    "LargeScale": [],
    "MaxNodes": [],
    "MaxPCGIter": [],
    "MaxProjCGIter": [],
    "MaxSQPIter": [],
    "MaxTime": [],
    "MeritFunction": [],
    "MinAbsMax": [],
    "NoStopIfFlatInfeas": [],
    "ObjectiveLimit": [],
    "PhaseOneTotalScaling": [],
    "Preconditioner": [],
    "PrecondBandWidth": [],
    "RelLineSrchBnd": [],
    "RelLineSrchBndDuration": [],
    "ScaleProblem": [],
    "SubproblemAlgorithm": [],
    "TolCon": [],
    "TolConSQP": [],
    "TolGradCon": [],
    "TolPCG": [],
    "TolProjCG": [],
    "TolProjCGAbs": [],
    "TypicalX": [],
    "UseParallel": []
  },
  "Opt_ST": {
    "Display": [],
    "MaxFunEvals": [],
    "MaxIter": [],
    "TolFun": 0.1,
    "TolX": [],
    "FunValCheck": [],
    "OutputFcn": [],
    "PlotFcns": [],
    "ActiveConstrTol": [],
    "Algorithm": [],
    "AlwaysHonorConstraints": [],
    "DerivativeCheck": [],
    "Diagnostics": [],
    "DiffMaxChange": [],
    "DiffMinChange": [],
    "FinDiffRelStep": [],
    "FinDiffType": [],
    "GoalsExactAchieve": [],
    "GradConstr": [],
    "GradObj": [],
    "HessFcn": [],
    "Hessian": [],
    "HessMult": [],
    "HessPattern": [],
    "HessUpdate": [],
    "InitBarrierParam": [],
    "InitTrustRegionRadius": [],
    "Jacobian": [],
    "JacobMult": [],
    "JacobPattern": [],
    "LargeScale": [],
    "MaxNodes": [],
    "MaxPCGIter": [],
    "MaxProjCGIter": [],
    "MaxSQPIter": [],
    "MaxTime": [],
    "MeritFunction": [],
    "MinAbsMax": [],
    "NoStopIfFlatInfeas": [],
    "ObjectiveLimit": [],
    "PhaseOneTotalScaling": [],
    "Preconditioner": [],
    "PrecondBandWidth": [],
    "RelLineSrchBnd": [],
    "RelLineSrchBndDuration": [],
    "ScaleProblem": [],
    "SubproblemAlgorithm": [],
    "TolCon": [],
    "TolConSQP": [],
    "TolGradCon": [],
    "TolPCG": [],
    "TolProjCG": [],
    "TolProjCGAbs": [],
    "TypicalX": [],
    "UseParallel": []
  },
  "Opt_ST2": {
    "Display": "off",
    "MaxFunEvals": [],
    "MaxIter": [],
    "TolFun": 0.1,
    "TolX": [],
    "FunValCheck": [],
    "OutputFcn": [],
    "PlotFcns": [],
    "ActiveConstrTol": [],
    "Algorithm": [],
    "AlwaysHonorConstraints": [],
    "DerivativeCheck": [],
    "Diagnostics": [],
    "DiffMaxChange": [],
    "DiffMinChange": [],
    "FinDiffRelStep": [],
    "FinDiffType": [],
    "GoalsExactAchieve": [],
    "GradConstr": [],
    "GradObj": [],
    "HessFcn": [],
    "Hessian": [],
    "HessMult": [],
    "HessPattern": [],
    "HessUpdate": [],
    "InitBarrierParam": [],
    "InitTrustRegionRadius": [],
    "Jacobian": [],
    "JacobMult": [],
    "JacobPattern": [],
    "LargeScale": [],
    "MaxNodes": [],
    "MaxPCGIter": [],
    "MaxProjCGIter": [],
    "MaxSQPIter": [],
    "MaxTime": [],
    "MeritFunction": [],
    "MinAbsMax": [],
    "NoStopIfFlatInfeas": [],
    "ObjectiveLimit": [],
    "PhaseOneTotalScaling": [],
    "Preconditioner": [],
    "PrecondBandWidth": [],
    "RelLineSrchBnd": [],
    "RelLineSrchBndDuration": [],
    "ScaleProblem": [],
    "SubproblemAlgorithm": [],
    "TolCon": [],
    "TolConSQP": [],
    "TolGradCon": [],
    "TolPCG": [],
    "TolProjCG": [],
    "TolProjCGAbs": [],
    "TypicalX": [],
    "UseParallel": []
  },