{
  "Kc": 0.75,
  "LAI_H": 0,
  "LAI_L": 0.48688251562448503,
  "Llitter": 0,
  "SAI_H": 0,
  "SAI_L": 0.0023514443720603342,
  "id_location": "VAIRA"
}