{
  "Ccrown": 1,
  "LAI_H": 0,
  "LAI_L": 0.48923395999654534,
  "SND": 0,
  "Ta": 10.278500000000001,
  "Ts": 12.78045576199823,
  "Ws": 0.9165,
  "d_leaf_H": 3.5,
  "d_leaf_L": 0.8,
  "disp_h": 0.013604712835201324,
  "disp_h_H": 0,
  "disp_h_L": 0.013604712835201324,
  "hc_H": 0,
  "hc_L": 0.020305541545076602,
  "id_location": "VAIRA",
  "zatm": 2,
  "zom": 0.003,
  "zom_H": 0,
  "zom_L": 0.0024975816100444221,
  "zom_under": 0.003
}