{
  "AgeDL": 0,
  "AgeL": 31.365266019582869,
  "An": 1.6165445004026744,
  "B": [
    18.726250600941732,
    0,
    140.06438585543356,
    119.96084686344783,
    0.14546157019353517,
    0,
    0.051978629694628228,
    0
  ],
  "Bfac": 1,
  "Btm1": [
    18.3415111705181,
    0,
    139.91639086210358,
    119.98948612814284,
    0.0708868502710705,
    0,
    0.03403661598243575,
    0
  ],
  "GF": "Inf",
  "Klf": 0.02,
  "Kreservetm1": 99.990935310392771,
  "Kuptake": 0,
  "Mf": 0.02,
  "NBLeaftm1": 0.37554775343409663,
  "Nreservetm1": 999.9781696748978,
  "Nuptake": 0,
  "OPT_EnvLimitGrowth": 0,
  "PHE_S": 3,
  "Preservetm1": 99.998440691064133,
  "Puptake": 0,
  "Rdark": 0.30234151379924823,
  "Sl": 0.026,
  "Sl_emecrop": "NaN",
  "St": {
    "Nl": 25,
    "Ns": 172.41379310344828,
    "Nr": 29.069767441860467,
    "Nf": 25,
    "Nh": 172.41379310344828,
    "Phol": 350,
    "Phos": 2413.7931034482758,
    "Phor": 406.97674418604652,
    "Phof": 350,
    "Phoh": 2413.7931034482758,
    "Kpotl": 50,
    "Kpots": 344.82758620689657,
    "Kpotr": 250,
    "Kpotf": 50,
    "Kpoth": 344.82758620689657,
    "ftransR": 0.2,
    "ftransL": 0.6,
    "FiS": 1,
    "Lig_fr_l": 0.15,
    "Lig_fr_fr": 0.1,
    "Lig_fr_h": 0.25,
    "Lig_fr_r": 0.1
  },
  "Tam": 16.711541666666669,
  "Tcold": 2,
  "Tsm": 20.39996363287209,
  "Wm": 0,
  "aSE": 2,
  "age_cr": 180,
  "dc_C": 0.0273972602739726,
  "dd_max": 0.071428571428571425,
  "dmg": 15,
  "drn": 0.001,
  "dsn": 0.0027397260273972603,
  "dtd": 1,
  "fab": 0,
  "fbe": 1,
  "gR": 0.25,
  "id_location": "VAIRA",
  "mSl": 0,
  "r": 0.05,
  "rKc": 1,
  "rNc": 1,
  "rNcR": 1,
  "rPc": 1
}