{
  "CLitter": 0,
  "Cbare": 0,
  "Ccrown": 1,
  "Cfol_H": 0,
  "Cfol_L": 0.95828940059073942,
  "Csno": 0,
  "Dr_H": 0,
  "Dr_L": 0,
  "K_usle": 3.3383484209880757E-5,
  "Pr_liq": 0,
  "dt": 3600,
  "hc_H": 0,
  "hc_L": 0.11791122726024249
}