{
  "LAI": 2.127304181368729,
  "LAIdead": 2.1076958186312713
}