{
  "CLitter": 0,
  "Cbare": 0,
  "Ccrown": 1,
  "Cdeb": 0,
  "Cice": 0,
  "Cicew": 0,
  "Crock": 0,
  "Csno": 0,
  "Csnow": 0,
  "Curb": 0,
  "Cwat": 0,
  "FshdH": 1,
  "FshdL": 1,
  "FsunH": 0,
  "FsunL": 0,
  "ICE_avail": 0,
  "In_H": 0,
  "In_L": 0,
  "In_Litter": 0,
  "In_SWE": 0,
  "In_rock": 0,
  "In_urb": 0,
  "LAI_H": 0,
  "LAI_L": 2.127304181368729,
  "Pr_liq": 0,
  "Pr_sno": 0,
  "Pre": 948.7232105699336,
  "SAI_H": 0,
  "SAI_L": 2.1086958186312712,
  "SWE": 0,
  "Ta": -0.9,
  "Ts": 1.8,
  "Vavail": 0.095404543866649871,
  "Vavail_plant_H": 0,
  "Vavail_plant_L": 0.0024275165602497804,
  "WAT_avail": 0,
  "alp_litter": 1,
  "alp_soil": 0.99985603646578147,
  "b_soil": 1,
  "dt": 3600,
  "dw_H": 0,
  "dw_L": 0,
  "dw_SNO": 0,
  "ea": 466.8496719255557,
  "r_litter": 0,
  "r_soil": 121.45778849853365,
  "ra": 89.790797800340869,
  "rap_H": 0,
  "rap_L": 142.36161600849755,
  "rb_H": 0,
  "rb_L": 24.976564534892216,
  "rs_shdH": "Inf",
  "rs_shdL": 2557.1980428695806,
  "rs_sunH": "Inf",
  "rs_sunL": "Inf"
}