{
  "Ccrown": 1,
  "LAI_H": 0,
  "LAI_L": 2.127304181368729,
  "SAI_H": 0,
  "SAI_L": 2.1086958186312712,
  "Sp_LAI_H_In": 0.2,
  "Sp_LAI_L_In": 0.2,
  "Sp_SN_In": 5.9,
  "Ta": -0.9
}