{
  "AgeDLtm1": 0,
  "AgeLtm1": 117,
  "Bfac_day": 1,
  "Bfac_lo": 0.99,
  "Bfac_ls": "NaN",
  "Bfac_week": 1,
  "LAI": 2.127304181368729,
  "LAI_cut": 1.68,
  "LAI_min": 0.1,
  "LAIdead": 2.1076958186312713,
  "LDay_cr": 10.7,
  "LDay_min": 10.7,
  "L_day": 8.3388273040217289,
  "NLeaf": 8.362866760203147E-9,
  "NLeafdead": 0.0076958186312712229,
  "NPPm": 0,
  "PAR_Im": 0,
  "PAR_th": "NaN",
  "PHE_Stm1": 3,
  "Tlo": 0,
  "Tls": "NaN",
  "Tsmm": 1.9333333333333333,
  "aSE": 2,
  "age_cr": 180,
  "dflotm1": 0,
  "dmg": 20,
  "dtd": 1,
  "jDay": 1,
  "jDay_dist": [
    132,
    168,
    202,
    238,
    292
  ],
  "mjDay": 250
}