{
  "B": [
    60.780119467677963,
    0,
    342.00672117122247,
    249.97143007697042,
    2.9405960199202652,
    0,
    60.219880532322037,
    0
  ],
  "Btm1": [
    61,
    0,
    343,
    250,
    3,
    0,
    60,
    0
  ],
  "Kreserve": 1000.0046292538183,
  "ManI": 0,
  "Mpar": {
    "jDay_cut": [
      132,
      168,
      202,
      238,
      292
    ],
    "LAI_cut": 1.68,
    "jDay_harv": null,
    "B_harv": 0,
    "Date_log": null,
    "fract_log": 0,
    "Date_fire": null,
    "fire_eff": 0,
    "funb_nit": 0.15,
    "Date_girdling": null,
    "fract_girdling": 0,
    "Date_sowing": null,
    "Date_harvesting": null,
    "Crop_B": [
      0,
      0
    ],
    "Crop_crown": 1,
    "fract_resprout": 0.2,
    "fract_left": 1,
    "fract_left_fr": 0,
    "fract_left_AB": 0,
    "fract_left_BG": 1
  },
  "Nreserve": 1000.0202886562121,
  "NuLITtm1": [
    0,
    0,
    0
  ],
  "OPT_SB": 0,
  "Preserve": 1000.0014491897294,
  "RB": [
    0,
    0,
    0,
    0,
    0,
    0,
    0
  ],
  "Rexmy": [
    0,
    0,
    0
  ],
  "Sfr": 0.059405960199202655,
  "Slf": 0,
  "Sll": 0.21988077126108521,
  "Sr": 0.761118579079136,
  "St": {
    "Nl": 23,
    "Ns": 158.62068965517241,
    "Nr": 26.744186046511629,
    "Nf": 23,
    "Nh": 158.62068965517241,
    "Phol": 322,
    "Phos": 2220.6896551724139,
    "Phor": 374.41860465116281,
    "Phof": 322,
    "Phoh": 2220.6896551724139,
    "Kpotl": 46,
    "Kpots": 317.24137931034483,
    "Kpotr": 230,
    "Kpotf": 46,
    "Kpoth": 317.24137931034483,
    "ftransR": 0.2,
    "ftransL": 0.6,
    "FiS": 1,
    "Lig_fr_l": 0.15,
    "Lig_fr_fr": 0.1,
    "Lig_fr_h": 0.25,
    "Lig_fr_r": 0.1
  },
  "Swm": 0,
  "fab": 0,
  "fbe": 1,
  "rKc": 1,
  "rNc": 1,
  "rPc": 1
}