{
  "Pr": 0,
  "Pre": 948.7232105699336,
  "Ta": -0.9,
  "Tmax": 2.8,
  "Tmin": -0.8,
  "ea": 466.8496719255557
}