{
  "Ks": 0.19999999999999984,
  "Rl": 424.77018478220725,
  "dz": 10,
  "rroot": 0.0005
}