{
  "Bam": "NaN",
  "Bem": "NaN",
  "Broot": 343,
  "Creserve": 250,
  "EM": 0,
  "NPP": 0,
  "NavlI": [
    0,
    0,
    0
  ],
  "NupIm": [
    0,
    0,
    0
  ],
  "ParEx": {
    "dexmy": 0.04,
    "OPT_EXU": 3,
    "bfix": 1,
    "kc1": null,
    "kc2": null,
    "kc3": null,
    "kn1": 7000,
    "kn2": 3.5,
    "kn3": 2,
    "kp1": 466.66666666666669,
    "kp2": 0.23333333333333334,
    "kp3": 0.13333333333333333,
    "kk1": 2800,
    "kk2": 1.4,
    "kk3": 0.8
  },
  "Tdp": 2,
  "rKc": 1,
  "rMc": 1,
  "rNc": 1,
  "rPc": 1
}