{
  "Rsw": {
    "dir_vis": 9.5053841625281075E-37,
    "dir_nir": 2.2626652099557524E-38,
    "dif_vis": 2.8944194487336161,
    "dif_nir": 6.1055805512663843
  },
  "SvF": 1,
  "alb": {
    "dir_vis": 0.60281940690350166,
    "dir_nir": 0.60281940690350166,
    "dif_vis": 0.60281940690350166,
    "dif_nir": 0.60281940690350166
  }
}