{
  "Ccrown": 1,
  "EvL_Zs": [
    1,
    0,
    0,
    0,
    0,
    0,
    0,
    0,
    0,
    0,
    0,
    0,
    0,
    0,
    0,
    0
  ],
  "Inf_Zs": [
    1,
    0,
    0,
    0,
    0,
    0,
    0,
    0,
    0,
    0,
    0,
    0,
    0,
    0,
    0,
    0
  ],
  "Ks_Zs": [
    12.739807275575847,
    12.739807275575847,
    12.739807275575847,
    12.739807275575847,
    12.739807275575847,
    12.739807275575847,
    12.739807275575847,
    12.739807275575847,
    12.739807275575847,
    12.739807275575847,
    12.739807275575847,
    12.739807275575847,
    12.739807275575847,
    12.739807275575847,
    12.739807275575847,
    12.739807275575847
  ],
  "Ks_mac": [
    1273.9807275575847,
    1273.9807275575847,
    1273.9807275575847,
    1273.9807275575847,
    1273.9807275575847,
    1273.9807275575847,
    1273.9807275575847,
    1273.9807275575847,
    1273.9807275575847,
    1273.9807275575847,
    1273.9807275575847,
    1273.9807275575847,
    1273.9807275575847,
    1273.9807275575847,
    1273.9807275575847,
    1273.9807275575847
  ],
  "L": [
    0.12853006950346382,
    0.12853006950346382,
    0.12853006950346382,
    0.12853006950346382,
    0.12853006950346382,
    0.12853006950346382,
    0.12853006950346382,
    0.12853006950346382,
    0.12853006950346382,
    0.12853006950346382,
    0.12853006950346382,
    0.12853006950346382,
    0.12853006950346382,
    0.12853006950346382,
    0.12853006950346382,
    0.12853006950346382
  ],
  "O33": [
    0.280998147903675,
    0.280998147903675,
    0.280998147903675,
    0.280998147903675,
    0.280998147903675,
    0.280998147903675,
    0.280998147903675,
    0.280998147903675,
    0.280998147903675,
    0.280998147903675,
    0.280998147903675,
    0.280998147903675,
    0.280998147903675,
    0.280998147903675,
    0.280998147903675,
    0.280998147903675
  ],
  "Ohy": [
    0.1348211047911452,
    0.1348211047911452,
    0.1348211047911452,
    0.1348211047911452,
    0.1348211047911452,
    0.1348211047911452,
    0.1348211047911452,
    0.1348211047911452,
    0.1348211047911452,
    0.1348211047911452,
    0.1348211047911452,
    0.1348211047911452,
    0.1348211047911452,
    0.1348211047911452,
    0.1348211047911452,
    0.1348211047911452
  ],
  "Omac": [
    0,
    0,
    0,
    0,
    0,
    0,
    0,
    0,
    0,
    0,
    0,
    0,
    0,
    0,
    0,
    0
  ],
  "Osat": [
    0.45504636790367492,
    0.45504636790367492,
    0.45504636790367492,
    0.45504636790367492,
    0.45504636790367492,
    0.45504636790367492,
    0.45504636790367492,
    0.45504636790367492,
    0.45504636790367492,
    0.45504636790367492,
    0.45504636790367492,
    0.45504636790367492,
    0.45504636790367492,
    0.45504636790367492,
    0.45504636790367492,
    0.45504636790367492
  ],
  "Osm_reg_Max_H": 0,
  "Osm_reg_Max_L": 0,
  "Pe": [
    2.0601180991130974,
    2.0601180991130974,
    2.0601180991130974,
    2.0601180991130974,
    2.0601180991130974,
    2.0601180991130974,
    2.0601180991130974,
    2.0601180991130974,
    2.0601180991130974,
    2.0601180991130974,
    2.0601180991130974,
    2.0601180991130974,
    2.0601180991130974,
    2.0601180991130974,
    2.0601180991130974,
    2.0601180991130974
  ],
  "Phy1": 10000,
  "PsiL50_H": -5.6,
  "PsiL50_L": -4,
  "PsiX50_H": -3.5,
  "PsiX50_L": -4.5,
  "Psi_sto_00_H": -0.5,
  "Psi_sto_00_L": -0.5,
  "Psi_sto_50_H": -2,
  "Psi_sto_50_L": -3,
  "RfH_Zs": [
    1,
    0,
    0,
    0,
    0,
    0,
    0,
    0,
    0,
    0,
    0,
    0,
    0,
    0,
    0,
    0
  ],
  "RfL_Zs": [
    0.11900606533660547,
    0.10554891144033268,
    0.25028017782838019,
    0.26059505807390487,
    0.1430176001795575,
    0.078489723144784279,
    0.043076073375656249,
    0,
    0,
    0,
    0,
    0,
    0,
    0,
    0,
    0
  ],
  "Rrootl_H": 0,
  "Rrootl_L": 3569.3154259050252,
  "SPAR": 2,
  "Salt": 0,
  "Tdp": [
    2,
    2,
    2,
    2,
    2,
    2,
    2,
    2,
    2,
    2,
    2,
    2,
    2,
    2,
    2,
    2
  ],
  "Ts": 1.8,
  "V": [
    2.2897090527995969,
    2.2897090527995969,
    6.8691271583987907,
    11.448545263997985,
    11.448545263997985,
    11.448545263997985,
    22.897090527995971,
    22.897090527995971,
    22.897090527995971,
    22.897090527995971,
    22.897090527995971,
    22.897090527995971,
    22.897090527995971,
    22.897090527995971,
    80.1398168479859,
    34.345635791993956
  ],
  "Zs": [
    0,
    10,
    20,
    50,
    100,
    150,
    200,
    300,
    400,
    500,
    600,
    700,
    800,
    900,
    1000,
    1350,
    1500
  ],
  "alpVG": [
    -9.6658678274624761E-5,
    -9.6658678274624761E-5,
    -9.6658678274624761E-5,
    -9.6658678274624761E-5,
    -9.6658678274624761E-5,
    -9.6658678274624761E-5,
    -9.6658678274624761E-5,
    -9.6658678274624761E-5,
    -9.6658678274624761E-5,
    -9.6658678274624761E-5,
    -9.6658678274624761E-5,
    -9.6658678274624761E-5,
    -9.6658678274624761E-5,
    -9.6658678274624761E-5,
    -9.6658678274624761E-5,
    -9.6658678274624761E-5
  ],
  "alpVGM": [
    -0.0028997603482387429,
    -0.0028997603482387429,
    -0.0028997603482387429,
    -0.0028997603482387429,
    -0.0028997603482387429,
    -0.0028997603482387429,
    -0.0028997603482387429,
    -0.0028997603482387429,
    -0.0028997603482387429,
    -0.0028997603482387429,
    -0.0028997603482387429,
    -0.0028997603482387429,
    -0.0028997603482387429,
    -0.0028997603482387429,
    -0.0028997603482387429,
    -0.0028997603482387429
  ],
  "bVG": [
    0,
    0,
    0,
    0,
    0,
    0,
    0,
    0,
    0,
    0,
    0,
    0,
    0,
    0,
    0,
    0
  ],
  "dz": [
    10,
    10,
    30,
    50,
    50,
    50,
    100,
    100,
    100,
    100,
    100,
    100,
    100,
    100,
    350,
    150
  ],
  "eps_root_base_H": 0.9,
  "eps_root_base_L": 0.9,
  "lVG": [
    0.5,
    0.5,
    0.5,
    0.5,
    0.5,
    0.5,
    0.5,
    0.5,
    0.5,
    0.5,
    0.5,
    0.5,
    0.5,
    0.5,
    0.5,
    0.5
  ],
  "lVGM": [
    0.5,
    0.5,
    0.5,
    0.5,
    0.5,
    0.5,
    0.5,
    0.5,
    0.5,
    0.5,
    0.5,
    0.5,
    0.5,
    0.5,
    0.5,
    0.5
  ],
  "n": 16,
  "nVG": [
    1.1285300695034639,
    1.1285300695034639,
    1.1285300695034639,
    1.1285300695034639,
    1.1285300695034639,
    1.1285300695034639,
    1.1285300695034639,
    1.1285300695034639,
    1.1285300695034639,
    1.1285300695034639,
    1.1285300695034639,
    1.1285300695034639,
    1.1285300695034639,
    1.1285300695034639,
    1.1285300695034639,
    1.1285300695034639
  ],
  "nVGM": [
    3,
    3,
    3,
    3,
    3,
    3,
    3,
    3,
    3,
    3,
    3,
    3,
    3,
    3,
    3,
    3
  ],
  "s_SVG": [
    0,
    0,
    0,
    0,
    0,
    0,
    0,
    0,
    0,
    0,
    0,
    0,
    0,
    0,
    0,
    0
  ]
}