{
  "L": [
    0.12853006950346382,
    0.12853006950346382,
    0.12853006950346382,
    0.12853006950346382,
    0.12853006950346382,
    0.12853006950346382,
    0.12853006950346382,
    0.12853006950346382,
    0.12853006950346382,
    0.12853006950346382,
    0.12853006950346382,
    0.12853006950346382,
    0.12853006950346382,
    0.12853006950346382,
    0.12853006950346382,
    0.12853006950346382
  ],
  "O33": [
    0.280998147903675,
    0.280998147903675,
    0.280998147903675,
    0.280998147903675,
    0.280998147903675,
    0.280998147903675,
    0.280998147903675,
    0.280998147903675,
    0.280998147903675,
    0.280998147903675,
    0.280998147903675,
    0.280998147903675,
    0.280998147903675,
    0.280998147903675,
    0.280998147903675,
    0.280998147903675
  ],
  "OPT_FR_SOIL": 1,
  "Ohy": [
    0.1348211047911452,
    0.1348211047911452,
    0.1348211047911452,
    0.1348211047911452,
    0.1348211047911452,
    0.1348211047911452,
    0.1348211047911452,
    0.1348211047911452,
    0.1348211047911452,
    0.1348211047911452,
    0.1348211047911452,
    0.1348211047911452,
    0.1348211047911452,
    0.1348211047911452,
    0.1348211047911452,
    0.1348211047911452
  ],
  "Osat": [
    0.45504636790367492,
    0.45504636790367492,
    0.45504636790367492,
    0.45504636790367492,
    0.45504636790367492,
    0.45504636790367492,
    0.45504636790367492,
    0.45504636790367492,
    0.45504636790367492,
    0.45504636790367492,
    0.45504636790367492,
    0.45504636790367492,
    0.45504636790367492,
    0.45504636790367492,
    0.45504636790367492,
    0.45504636790367492
  ],
  "Otot": [
    0.3637920100711049,
    0.3637920100711049,
    0.3637920100711049,
    0.3637920100711049,
    0.3637920100711049,
    0.3637920100711049,
    0.3637920100711049,
    0.3637920100711049,
    0.3637920100711049,
    0.3637920100711049,
    0.3637920100711049,
    0.3637920100711049,
    0.3637920100711049,
    0.3637920100711049,
    0.3637920100711049,
    0.3637920100711049
  ],
  "Pe": [
    2.0601180991130974,
    2.0601180991130974,
    2.0601180991130974,
    2.0601180991130974,
    2.0601180991130974,
    2.0601180991130974,
    2.0601180991130974,
    2.0601180991130974,
    2.0601180991130974,
    2.0601180991130974,
    2.0601180991130974,
    2.0601180991130974,
    2.0601180991130974,
    2.0601180991130974,
    2.0601180991130974,
    2.0601180991130974
  ],
  "Phy1": 10000,
  "Pre": 948.7232105699336,
  "SPAR": 2,
  "Tdp": [
    2,
    2,
    2,
    2,
    2,
    2,
    2,
    2,
    2,
    2,
    2,
    2,
    2,
    2,
    2,
    2
  ],
  "alpVG": [
    -9.6658678274624761E-5,
    -9.6658678274624761E-5,
    -9.6658678274624761E-5,
    -9.6658678274624761E-5,
    -9.6658678274624761E-5,
    -9.6658678274624761E-5,
    -9.6658678274624761E-5,
    -9.6658678274624761E-5,
    -9.6658678274624761E-5,
    -9.6658678274624761E-5,
    -9.6658678274624761E-5,
    -9.6658678274624761E-5,
    -9.6658678274624761E-5,
    -9.6658678274624761E-5,
    -9.6658678274624761E-5,
    -9.6658678274624761E-5
  ],
  "bVG": [
    0,
    0,
    0,
    0,
    0,
    0,
    0,
    0,
    0,
    0,
    0,
    0,
    0,
    0,
    0,
    0
  ],
  "cv_s": [
    2.2294471846330538E+6,
    2.2294471846330538E+6,
    2.2294471846330538E+6,
    2.2294471846330538E+6,
    2.2294471846330538E+6,
    2.2294471846330538E+6,
    2.2294471846330538E+6,
    2.2294471846330538E+6,
    2.2294471846330538E+6,
    2.2294471846330538E+6,
    2.2294471846330538E+6,
    2.2294471846330538E+6,
    2.2294471846330538E+6,
    2.2294471846330538E+6,
    2.2294471846330538E+6,
    2.2294471846330538E+6
  ],
  "lan_dry": [
    0.18917613735741573,
    0.18917613735741573,
    0.18917613735741573,
    0.18917613735741573,
    0.18917613735741573,
    0.18917613735741573,
    0.18917613735741573,
    0.18917613735741573,
    0.18917613735741573,
    0.18917613735741573,
    0.18917613735741573,
    0.18917613735741573,
    0.18917613735741573,
    0.18917613735741573,
    0.18917613735741573,
    0.18917613735741573
  ],
  "lan_s": [
    6.4757797867658757,
    6.4757797867658757,
    6.4757797867658757,
    6.4757797867658757,
    6.4757797867658757,
    6.4757797867658757,
    6.4757797867658757,
    6.4757797867658757,
    6.4757797867658757,
    6.4757797867658757,
    6.4757797867658757,
    6.4757797867658757,
    6.4757797867658757,
    6.4757797867658757,
    6.4757797867658757,
    6.4757797867658757
  ],
  "nVG": [
    1.1285300695034639,
    1.1285300695034639,
    1.1285300695034639,
    1.1285300695034639,
    1.1285300695034639,
    1.1285300695034639,
    1.1285300695034639,
    1.1285300695034639,
    1.1285300695034639,
    1.1285300695034639,
    1.1285300695034639,
    1.1285300695034639,
    1.1285300695034639,
    1.1285300695034639,
    1.1285300695034639,
    1.1285300695034639
  ],
  "rsd": [
    1444.1271250552616,
    1444.1271250552616,
    1444.1271250552616,
    1444.1271250552616,
    1444.1271250552616,
    1444.1271250552616,
    1444.1271250552616,
    1444.1271250552616,
    1444.1271250552616,
    1444.1271250552616,
    1444.1271250552616,
    1444.1271250552616,
    1444.1271250552616,
    1444.1271250552616,
    1444.1271250552616,
    1444.1271250552616
  ],
  "s_SVG": [
    0,
    0,
    0,
    0,
    0,
    0,
    0,
    0,
    0,
    0,
    0,
    0,
    0,
    0,
    0,
    0
  ]
}