{
  "Dz": [
    5,
    10,
    20,
    40,
    50,
    50,
    75,
    100,
    100,
    100,
    100,
    100,
    100,
    100,
    225,
    250
  ],
  "EG": [
    0.013292029583969585,
    0,
    0,
    0,
    0,
    0,
    0,
    0,
    0,
    0,
    0,
    0,
    0,
    0,
    0,
    0
  ],
  "IS": [
    1,
    1,
    1,
    1,
    1,
    1,
    1,
    1,
    1,
    1,
    1,
    1,
    1,
    1,
    1,
    1
  ],
  "Ks_Zs": [
    12.739807275575847,
    12.739807275575847,
    12.739807275575847,
    12.739807275575847,
    12.739807275575847,
    12.739807275575847,
    12.739807275575847,
    12.739807275575847,
    12.739807275575847,
    12.739807275575847,
    12.739807275575847,
    12.739807275575847,
    12.739807275575847,
    12.739807275575847,
    12.739807275575847,
    12.739807275575847
  ],
  "Ks_mac": [
    1273.9807275575847,
    1273.9807275575847,
    1273.9807275575847,
    1273.9807275575847,
    1273.9807275575847,
    1273.9807275575847,
    1273.9807275575847,
    1273.9807275575847,
    1273.9807275575847,
    1273.9807275575847,
    1273.9807275575847,
    1273.9807275575847,
    1273.9807275575847,
    1273.9807275575847,
    1273.9807275575847,
    1273.9807275575847
  ],
  "L": [
    0.12853006950346382,
    0.12853006950346382,
    0.12853006950346382,
    0.12853006950346382,
    0.12853006950346382,
    0.12853006950346382,
    0.12853006950346382,
    0.12853006950346382,
    0.12853006950346382,
    0.12853006950346382,
    0.12853006950346382,
    0.12853006950346382,
    0.12853006950346382,
    0.12853006950346382,
    0.12853006950346382,
    0.12853006950346382
  ],
  "Lk": 0.19999999999999984,
  "O33": [
    0.280998147903675,
    0.280998147903675,
    0.280998147903675,
    0.280998147903675,
    0.280998147903675,
    0.280998147903675,
    0.280998147903675,
    0.280998147903675,
    0.280998147903675,
    0.280998147903675,
    0.280998147903675,
    0.280998147903675,
    0.280998147903675,
    0.280998147903675,
    0.280998147903675,
    0.280998147903675
  ],
  "Ohy": [
    0.1348211047911452,
    0.1348211047911452,
    0.1348211047911452,
    0.1348211047911452,
    0.1348211047911452,
    0.1348211047911452,
    0.1348211047911452,
    0.1348211047911452,
    0.1348211047911452,
    0.1348211047911452,
    0.1348211047911452,
    0.1348211047911452,
    0.1348211047911452,
    0.1348211047911452,
    0.1348211047911452,
    0.1348211047911452
  ],
  "Omac": [
    0,
    0,
    0,
    0,
    0,
    0,
    0,
    0,
    0,
    0,
    0,
    0,
    0,
    0,
    0,
    0
  ],
  "Osat": [
    0.45504636790367492,
    0.45504636790367492,
    0.45504636790367492,
    0.45504636790367492,
    0.45504636790367492,
    0.45504636790367492,
    0.45504636790367492,
    0.45504636790367492,
    0.45504636790367492,
    0.45504636790367492,
    0.45504636790367492,
    0.45504636790367492,
    0.45504636790367492,
    0.45504636790367492,
    0.45504636790367492,
    0.45504636790367492
  ],
  "Pe": [
    2.0601180991130974,
    2.0601180991130974,
    2.0601180991130974,
    2.0601180991130974,
    2.0601180991130974,
    2.0601180991130974,
    2.0601180991130974,
    2.0601180991130974,
    2.0601180991130974,
    2.0601180991130974,
    2.0601180991130974,
    2.0601180991130974,
    2.0601180991130974,
    2.0601180991130974,
    2.0601180991130974,
    2.0601180991130974
  ],
  "Phy1": 10000,
  "Qi_in": [
    0,
    0,
    0,
    0,
    0,
    0,
    0,
    0,
    0,
    0,
    0,
    0,
    0,
    0,
    0,
    0
  ],
  "SN": 0,
  "SPAR": 2,
  "Slo_pot": [
    0,
    0,
    0,
    0,
    0,
    0,
    0,
    0,
    0,
    0,
    0,
    0,
    0,
    0,
    0,
    0
  ],
  "T_H": [
    0,
    0,
    0,
    0,
    0,
    0,
    0,
    0,
    0,
    0,
    0,
    0,
    0,
    0,
    0,
    0
  ],
  "T_L": [
    0.00044611580819889596,
    0.00039566922743419243,
    0.00093822061499353865,
    0.00097688781337701164,
    0.00053612739913975343,
    0.00029423295507672329,
    0.00016147846946843673,
    0,
    0,
    0,
    0,
    0,
    0,
    0,
    0,
    0
  ],
  "V": [
    2.2897090527995969,
    2.2897090527995969,
    6.8691271583987907,
    11.448545263997985,
    11.448545263997985,
    11.448545263997985,
    22.897090527995971,
    22.897090527995971,
    22.897090527995971,
    22.897090527995971,
    22.897090527995971,
    22.897090527995971,
    22.897090527995971,
    22.897090527995971,
    80.1398168479859,
    34.345635791993956
  ],
  "Zs": [
    0,
    10,
    20,
    50,
    100,
    150,
    200,
    300,
    400,
    500,
    600,
    700,
    800,
    900,
    1000,
    1350,
    1500
  ],
  "aR": 1,
  "aT": 1000,
  "alpVG": [
    -9.6658678274624761E-5,
    -9.6658678274624761E-5,
    -9.6658678274624761E-5,
    -9.6658678274624761E-5,
    -9.6658678274624761E-5,
    -9.6658678274624761E-5,
    -9.6658678274624761E-5,
    -9.6658678274624761E-5,
    -9.6658678274624761E-5,
    -9.6658678274624761E-5,
    -9.6658678274624761E-5,
    -9.6658678274624761E-5,
    -9.6658678274624761E-5,
    -9.6658678274624761E-5,
    -9.6658678274624761E-5,
    -9.6658678274624761E-5
  ],
  "alpVGM": [
    -0.0028997603482387429,
    -0.0028997603482387429,
    -0.0028997603482387429,
    -0.0028997603482387429,
    -0.0028997603482387429,
    -0.0028997603482387429,
    -0.0028997603482387429,
    -0.0028997603482387429,
    -0.0028997603482387429,
    -0.0028997603482387429,
    -0.0028997603482387429,
    -0.0028997603482387429,
    -0.0028997603482387429,
    -0.0028997603482387429,
    -0.0028997603482387429,
    -0.0028997603482387429
  ],
  "bVG": [
    0,
    0,
    0,
    0,
    0,
    0,
    0,
    0,
    0,
    0,
    0,
    0,
    0,
    0,
    0,
    0
  ],
  "cosalp": 1,
  "dz": [
    10,
    10,
    30,
    50,
    50,
    50,
    100,
    100,
    100,
    100,
    100,
    100,
    100,
    100,
    350,
    150
  ],
  "f": 0,
  "lVG": [
    0.5,
    0.5,
    0.5,
    0.5,
    0.5,
    0.5,
    0.5,
    0.5,
    0.5,
    0.5,
    0.5,
    0.5,
    0.5,
    0.5,
    0.5,
    0.5
  ],
  "lVGM": [
    0.5,
    0.5,
    0.5,
    0.5,
    0.5,
    0.5,
    0.5,
    0.5,
    0.5,
    0.5,
    0.5,
    0.5,
    0.5,
    0.5,
    0.5,
    0.5
  ],
  "nVG": [
    1.1285300695034639,
    1.1285300695034639,
    1.1285300695034639,
    1.1285300695034639,
    1.1285300695034639,
    1.1285300695034639,
    1.1285300695034639,
    1.1285300695034639,
    1.1285300695034639,
    1.1285300695034639,
    1.1285300695034639,
    1.1285300695034639,
    1.1285300695034639,
    1.1285300695034639,
    1.1285300695034639,
    1.1285300695034639
  ],
  "nVGM": [
    3,
    3,
    3,
    3,
    3,
    3,
    3,
    3,
    3,
    3,
    3,
    3,
    3,
    3,
    3,
    3
  ],
  "numn": 16,
  "s_SVG": [
    0,
    0,
    0,
    0,
    0,
    0,
    0,
    0,
    0,
    0,
    0,
    0,
    0,
    0,
    0,
    0
  ],
  "sinalp": 0,
  "t": 0
}