{
  "CLitter": 0,
  "Cbare": 0,
  "Ccrown": 1,
  "Cdeb": 0,
  "Cfol_H": 0,
  "Cice": 0,
  "Cicew": 0,
  "Crock": 0,
  "Csno": 1,
  "Csnow": 0,
  "Curb": 0,
  "Cwat": 0,
  "Dtm1": 0,
  "FshdH": 1,
  "FshdL": 1,
  "FsunH": 0,
  "FsunL": 0,
  "G": 0,
  "ICE_D": 0,
  "ICEtm1": 0,
  "In_H": 0,
  "In_L": 0,
  "In_Litter": 0,
  "In_SWE": 0,
  "In_SWEtm1": 0,
  "In_max_SWE": 0,
  "In_rock": 0,
  "In_urb": 0,
  "LAI_H": 0,
  "LAI_L": 2.127304181368729,
  "Latm": 309.95765419166651,
  "OPT_VegSnow": 1,
  "Pr_liq": 0.24270426485218322,
  "Pr_sno": 0.25729573514781678,
  "Pr_sno_day": 0,
  "Pre": 948.7232105699336,
  "RabsbShd_vegH": 0,
  "RabsbShd_vegL": 0,
  "RabsbSun_vegH": 0,
  "RabsbSun_vegL": 0,
  "Rabsb_bare": 0,
  "Rabsb_deb": 0,
  "Rabsb_ice": 0,
  "Rabsb_rock": 0,
  "Rabsb_sno": 0,
  "Rabsb_soiH": 0,
  "Rabsb_soiL": 0,
  "Rabsb_urb": 0,
  "Rabsb_wat": 0,
  "SAI_H": 0,
  "SAI_L": 2.1086958186312712,
  "SP_wctm1": 0,
  "SWE": 0,
  "SWEtm1": 0,
  "SnoDep": 0,
  "SvF": 1,
  "Ta": 1.7,
  "Tdew": -0.596107307454685,
  "Tdpsnowtm1": [
    0,
    0,
    0,
    0,
    0
  ],
  "Th_Pr_sno": 8,
  "Ts": 2.6755140315649868,
  "TsV": 0,
  "Tstm1": 3.0826587631394236,
  "Vavail": 0.094416040238886112,
  "Vavail_plant_H": 0,
  "Vavail_plant_L": 0.002310194264673673,
  "WAT_avail": 0,
  "Ws": 4.7,
  "alp_litter": 1,
  "alp_soil": 0.9998338969135171,
  "b_soil": 1,
  "d_leaf_H": 3.5,
  "d_leaf_L": 0.8,
  "disp_h": 0.079000522264362466,
  "disp_h_H": 0,
  "disp_h_L": 0.079000522264362466,
  "dt": 3600,
  "dw_H": 0,
  "dw_L": 0,
  "dw_SNO": 0,
  "e_gr": 0.96,
  "e_sno": 0.96,
  "e_sur": {
    "R": 1,
    "U": 1,
    "W": 1,
    "I": 1,
    "D": 1
  },
  "ea": 585.1588676671829,
  "fpr": 1,
  "hc_H": 0,
  "hc_L": 0.11791122726024249,
  "lan_sno": 0.023,
  "min_SPD": "Inf",
  "r_litter": 0,
  "r_soil": 114.35849021045652,
  "ros_max1": 580,
  "ros_max2": 300,
  "rostm1": 0,
  "rs_shdH": "Inf",
  "rs_shdL": "Inf",
  "rs_sunH": "Inf",
  "rs_sunL": "Inf",
  "t_slstm1": 0,
  "ydepth": 0,
  "zatm": 2,
  "zoh": 0.0014503080953009826,
  "zom": 0.014503080953009825,
  "zom_H": 0,
  "zom_L": 0.014503080953009825,
  "zom_under": 0.003
}