{
  "Kc": 0.75,
  "LAI_H": 0,
  "LAI_L": 2.127304181368729,
  "Llitter": 0,
  "SAI_H": 0,
  "SAI_L": 2.1086958186312712
}