{
  "Ccrown": 1,
  "LAI_H": 0,
  "LAI_L": 4.2360000000000007,
  "SND": 0,
  "Ta": -0.9,
  "Ts": -0.9,
  "Ws": 2.1,
  "d_leaf_H": 3.5,
  "d_leaf_L": 0.8,
  "disp_h": 0.079000522264362466,
  "disp_h_H": 0,
  "disp_h_L": 0.079000522264362466,
  "hc_H": 0,
  "hc_L": 0.11791122726024249,
  "zatm": 2,
  "zom": 0.014503080953009825,
  "zom_H": 0,
  "zom_L": 0.014503080953009825,
  "zom_under": 0.003
}