{
  "AgeDL": 0,
  "AgeL": 117,
  "An": 0,
  "B": [
    60.780119467677963,
    0,
    342.00672117122247,
    249.97143007697042,
    2.9405960199202652,
    0,
    60.219880532322037,
    0
  ],
  "Bfac": 1,
  "Btm1": [
    61,
    0,
    343,
    250,
    3,
    0,
    60,
    0
  ],
  "GF": "Inf",
  "Klf": 0.02,
  "Kreservetm1": 1000,
  "Kuptake": 0,
  "Mf": 0.02,
  "NBLeaftm1": 0,
  "Nreservetm1": 1000,
  "Nuptake": 0,
  "OPT_EnvLimitGrowth": 0,
  "PHE_S": 3,
  "Preservetm1": 1000,
  "Puptake": 0,
  "Rdark": 0,
  "Sl": 0.035,
  "Sl_emecrop": "NaN",
  "St": {
    "Nl": 23,
    "Ns": 158.62068965517241,
    "Nr": 26.744186046511629,
    "Nf": 23,
    "Nh": 158.62068965517241,
    "Phol": 322,
    "Phos": 2220.6896551724139,
    "Phor": 374.41860465116281,
    "Phof": 322,
    "Phoh": 2220.6896551724139,
    "Kpotl": 46,
    "Kpots": 317.24137931034483,
    "Kpotr": 230,
    "Kpotf": 46,
    "Kpoth": 317.24137931034483,
    "ftransR": 0.2,
    "ftransL": 0.6,
    "FiS": 1,
    "Lig_fr_l": 0.15,
    "Lig_fr_fr": 0.1,
    "Lig_fr_h": 0.25,
    "Lig_fr_r": 0.1
  },
  "Tam": -0.2,
  "Tcold": -2,
  "Tsm": 0,
  "Wm": 0,
  "aSE": 2,
  "age_cr": 180,
  "dc_C": 0.019178082191780823,
  "dd_max": 0.022222222222222223,
  "dmg": 20,
  "drn": 0.0022222222222222222,
  "dsn": 0.0027397260273972603,
  "dtd": 1,
  "fab": 0,
  "fbe": 1,
  "gR": 0.25,
  "mSl": 0,
  "r": 0.06,
  "rKc": 1,
  "rNc": 1,
  "rNcR": 1,
  "rPc": 1
}