{
  "Pre": 948.7232105699336,
  "Ta": -0.9,
  "Ts": 1.8,
  "Ws": 2.1,
  "disp_h": 0.079000522264362466,
  "ea": 466.8496719255557,
  "id_location": "ZURICH_SMA",
  "zatm": 2,
  "zoh": 0.0014503080953009826,
  "zom": 0.014503080953009825
}