{
  "Aice": 0.28,
  "Cdeb": 0,
  "Cice": 0,
  "Deb_Par": {
    "alb": 0.13,
    "e_sur": 0.94,
    "lan": 0.94,
    "rho": 1496,
    "cs": 948,
    "zom": 0.016
  },
  "N": 1,
  "Pr_liq": 0.24270426485218322,
  "Pr_sno": 0.25729573514781678,
  "Pr_sno_day": 0,
  "SWE": 0,
  "SWEtm1": 0,
  "Ta": 1.7,
  "Ta_day": [
    -0.2,
    -0.9,
    -1,
    0.4,
    1.5,
    3.2,
    3.9,
    4.1,
    4.1,
    3.8,
    3.2,
    3.7,
    4.3,
    3.6,
    3.5,
    3.2
  ],
  "Th_Pr_sno": 8,
  "Ts": 0,
  "dt": 3600,
  "h_S": -0.08641286709729451,
  "id_location": "ZURICH_SMA",
  "ros": 172.92036000000002,
  "snow_albtm1": {
    "dir_vis": 0.25726231148210493,
    "dir_nir": 0.25726231148210493,
    "dif_vis": 0.25726231148210493,
    "dif_nir": 0.25726231148210493
  },
  "tau_snotm1": 0
}