{
  "Bfac": 0.99999896939091,
  "FNC": 1,
  "LAI": 2.1350000000000002,
  "OPT_VCA": 0,
  "Se": 0.71503073509692938,
  "TBio": 0,
  "Ts": 2,
  "aSE": 2,
  "age_cr": 180,
  "dflo": 0,
  "id_location": "ZURICH_SMA",
  "soCrop": "NaN"
}