{
  "Bio_Zs": [
    0.04,
    0.04,
    0.12,
    0.2,
    0.2,
    0.2,
    0.2,
    0,
    0,
    0,
    0,
    0,
    0,
    0,
    0,
    0
  ],
  "O": [
    0.3637920100711049,
    0.3637920100711049,
    0.3637920100711049,
    0.3637920100711049,
    0.3637920100711049,
    0.3637920100711049,
    0.3637920100711049,
    0.3637920100711049,
    0.3637920100711049,
    0.3637920100711049,
    0.3637920100711049,
    0.3637920100711049,
    0.3637920100711049,
    0.3637920100711049,
    0.3637920100711049,
    0.3637920100711049
  ],
  "Phy": 10000,
  "SPAR": 2,
  "Soil_Param": {
    "Ks_Zs": [
      12.739807275575847,
      12.739807275575847,
      12.739807275575847,
      12.739807275575847,
      12.739807275575847,
      12.739807275575847,
      12.739807275575847,
      12.739807275575847,
      12.739807275575847,
      12.739807275575847,
      12.739807275575847,
      12.739807275575847,
      12.739807275575847,
      12.739807275575847,
      12.739807275575847,
      12.739807275575847
    ],
    "Osat": [
      0.45504636790367492,
      0.45504636790367492,
      0.45504636790367492,
      0.45504636790367492,
      0.45504636790367492,
      0.45504636790367492,
      0.45504636790367492,
      0.45504636790367492,
      0.45504636790367492,
      0.45504636790367492,
      0.45504636790367492,
      0.45504636790367492,
      0.45504636790367492,
      0.45504636790367492,
      0.45504636790367492,
      0.45504636790367492
    ],
    "Ohy": [
      0.1348211047911452,
      0.1348211047911452,
      0.1348211047911452,
      0.1348211047911452,
      0.1348211047911452,
      0.1348211047911452,
      0.1348211047911452,
      0.1348211047911452,
      0.1348211047911452,
      0.1348211047911452,
      0.1348211047911452,
      0.1348211047911452,
      0.1348211047911452,
      0.1348211047911452,
      0.1348211047911452,
      0.1348211047911452
    ],
    "L": [
      0.12853006950346382,
      0.12853006950346382,
      0.12853006950346382,
      0.12853006950346382,
      0.12853006950346382,
      0.12853006950346382,
      0.12853006950346382,
      0.12853006950346382,
      0.12853006950346382,
      0.12853006950346382,
      0.12853006950346382,
      0.12853006950346382,
      0.12853006950346382,
      0.12853006950346382,
      0.12853006950346382,
      0.12853006950346382
    ],
    "Pe": [
      2.0601180991130974,
      2.0601180991130974,
      2.0601180991130974,
      2.0601180991130974,
      2.0601180991130974,
      2.0601180991130974,
      2.0601180991130974,
      2.0601180991130974,
      2.0601180991130974,
      2.0601180991130974,
      2.0601180991130974,
      2.0601180991130974,
      2.0601180991130974,
      2.0601180991130974,
      2.0601180991130974,
      2.0601180991130974
    ],
    "O33": [
      0.280998147903675,
      0.280998147903675,
      0.280998147903675,
      0.280998147903675,
      0.280998147903675,
      0.280998147903675,
      0.280998147903675,
      0.280998147903675,
      0.280998147903675,
      0.280998147903675,
      0.280998147903675,
      0.280998147903675,
      0.280998147903675,
      0.280998147903675,
      0.280998147903675,
      0.280998147903675
    ],
    "Ofc": [
      0.3637920100711049,
      0.3637920100711049,
      0.3637920100711049,
      0.3637920100711049,
      0.3637920100711049,
      0.3637920100711049,
      0.3637920100711049,
      0.3637920100711049,
      0.3637920100711049,
      0.3637920100711049,
      0.3637920100711049,
      0.3637920100711049,
      0.3637920100711049,
      0.3637920100711049,
      0.3637920100711049,
      0.3637920100711049
    ],
    "alpVG": [
      -9.6658678274624761E-5,
      -9.6658678274624761E-5,
      -9.6658678274624761E-5,
      -9.6658678274624761E-5,
      -9.6658678274624761E-5,
      -9.6658678274624761E-5,
      -9.6658678274624761E-5,
      -9.6658678274624761E-5,
      -9.6658678274624761E-5,
      -9.6658678274624761E-5,
      -9.6658678274624761E-5,
      -9.6658678274624761E-5,
      -9.6658678274624761E-5,
      -9.6658678274624761E-5,
      -9.6658678274624761E-5,
      -9.6658678274624761E-5
    ],
    "nVG": [
      1.1285300695034639,
      1.1285300695034639,
      1.1285300695034639,
      1.1285300695034639,
      1.1285300695034639,
      1.1285300695034639,
      1.1285300695034639,
      1.1285300695034639,
      1.1285300695034639,
      1.1285300695034639,
      1.1285300695034639,
      1.1285300695034639,
      1.1285300695034639,
      1.1285300695034639,
      1.1285300695034639,
      1.1285300695034639
    ],
    "Ks_mac": [
      1273.9807275575847,
      1273.9807275575847,
      1273.9807275575847,
      1273.9807275575847,
      1273.9807275575847,
      1273.9807275575847,
      1273.9807275575847,
      1273.9807275575847,
      1273.9807275575847,
      1273.9807275575847,
      1273.9807275575847,
      1273.9807275575847,
      1273.9807275575847,
      1273.9807275575847,
      1273.9807275575847,
      1273.9807275575847
    ],
    "Omac": [
      0,
      0,
      0,
      0,
      0,
      0,
      0,
      0,
      0,
      0,
      0,
      0,
      0,
      0,
      0,
      0
    ],
    "alpVGM": [
      -0.0028997603482387429,
      -0.0028997603482387429,
      -0.0028997603482387429,
      -0.0028997603482387429,
      -0.0028997603482387429,
      -0.0028997603482387429,
      -0.0028997603482387429,
      -0.0028997603482387429,
      -0.0028997603482387429,
      -0.0028997603482387429,
      -0.0028997603482387429,
      -0.0028997603482387429,
      -0.0028997603482387429,
      -0.0028997603482387429,
      -0.0028997603482387429,
      -0.0028997603482387429
    ],
    "nVGM": [
      3,
      3,
      3,
      3,
      3,
      3,
      3,
      3,
      3,
      3,
      3,
      3,
      3,
      3,
      3,
      3
    ],
    "rsd": [
      1444.1271250552616,
      1444.1271250552616,
      1444.1271250552616,
      1444.1271250552616,
      1444.1271250552616,
      1444.1271250552616,
      1444.1271250552616,
      1444.1271250552616,
      1444.1271250552616,
      1444.1271250552616,
      1444.1271250552616,
      1444.1271250552616,
      1444.1271250552616,
      1444.1271250552616,
      1444.1271250552616,
      1444.1271250552616
    ],
    "lan_dry": [
      0.18917613735741573,
      0.18917613735741573,
      0.18917613735741573,
      0.18917613735741573,
      0.18917613735741573,
      0.18917613735741573,
      0.18917613735741573,
      0.18917613735741573,
      0.18917613735741573,
      0.18917613735741573,
      0.18917613735741573,
      0.18917613735741573,
      0.18917613735741573,
      0.18917613735741573,
      0.18917613735741573,
      0.18917613735741573
    ],
    "lan_s": [
      6.4757797867658757,
      6.4757797867658757,
      6.4757797867658757,
      6.4757797867658757,
      6.4757797867658757,
      6.4757797867658757,
      6.4757797867658757,
      6.4757797867658757,
      6.4757797867658757,
      6.4757797867658757,
      6.4757797867658757,
      6.4757797867658757,
      6.4757797867658757,
      6.4757797867658757,
      6.4757797867658757,
      6.4757797867658757
    ],
    "cv_s": [
      2.2294471846330538E+6,
      2.2294471846330538E+6,
      2.2294471846330538E+6,
      2.2294471846330538E+6,
      2.2294471846330538E+6,
      2.2294471846330538E+6,
      2.2294471846330538E+6,
      2.2294471846330538E+6,
      2.2294471846330538E+6,
      2.2294471846330538E+6,
      2.2294471846330538E+6,
      2.2294471846330538E+6,
      2.2294471846330538E+6,
      2.2294471846330538E+6,
      2.2294471846330538E+6,
      2.2294471846330538E+6
    ],
    "s_SVG": [
      0,
      0,
      0,
      0,
      0,
      0,
      0,
      0,
      0,
      0,
      0,
      0,
      0,
      0,
      0,
      0
    ],
    "bVG": [
      0,
      0,
      0,
      0,
      0,
      0,
      0,
      0,
      0,
      0,
      0,
      0,
      0,
      0,
      0,
      0
    ],