{
  "CT": 3,
  "Cc": 338.43,
  "Csl": 338.43,
  "DS": 0.656,
  "Do": 1000,
  "Ds": 105.27002406164496,
  "FI": 0.081,
  "Ha": 55,
  "IPAR": 0,
  "Oa": 210000,
  "Pre": 948.7232105699336,
  "Psi_L": 0,
  "Psi_sto_50": -3,
  "Psi_sto_99": -0.5,
  "Ts": -0.9,
  "Vmax": 73.628963393420108,
  "a1": 7,
  "gmes": "Inf",
  "go": 0.01,
  "id_location": "ZURICH_SMA",
  "ra": 71.057557237681038,
  "rb": 28.202388282907918,
  "rjv": 2.4
}