{
  "Ks": 12.739807275575847,
  "Ks_mac": 1273.9807275575847,
  "L": 0.12853006950346382,
  "O": 0.36379201007110495,
  "O33": 0.280998147903675,
  "Ohy": 0.1348211047911452,
  "Omac": 0,
  "Osat": 0.45504636790367492,
  "Pe": 2.0601180991130974,
  "Phy1": 10000,
  "SPAR": 2,
  "alpVG": -9.6658678274624761E-5,
  "alpVGM": -0.0028997603482387429,
  "bVG": 0,
  "id_location": "ZURICH_SMA",
  "lVG": 0.5,
  "lVGM": 0.5,
  "nVG": 1.1285300695034639,
  "nVGM": 3.0000000000000004,
  "s_SVG": 0
}