{
  "Ohy": [
    0.1348211047911452,
    0.1348211047911452,
    0.1348211047911452,
    0.1348211047911452,
    0.1348211047911452,
    0.1348211047911452,
    0.1348211047911452,
    0.1348211047911452,
    0.1348211047911452,
    0.1348211047911452,
    0.1348211047911452,
    0.1348211047911452,
    0.1348211047911452,
    0.1348211047911452,
    0.1348211047911452,
    0.1348211047911452
  ],
  "Oice": [
    0,
    0,
    0,
    0,
    0,
    0,
    0,
    0,
    0,
    0,
    0,
    0,
    0,
    0,
    0,
    0
  ],
  "Osat": [
    0.45504636790367492,
    0.45504636790367492,
    0.45504636790367492,
    0.45504636790367492,
    0.45504636790367492,
    0.45504636790367492,
    0.45504636790367492,
    0.45504636790367492,
    0.45504636790367492,
    0.45504636790367492,
    0.45504636790367492,
    0.45504636790367492,
    0.45504636790367492,
    0.45504636790367492,
    0.45504636790367492,
    0.45504636790367492
  ],
  "V": [
    2.2516529455658176,
    2.2569908015852529,
    6.7992204240523577,
    11.396952564106066,
    11.431100277308332,
    11.442996658687179,
    22.895496834494349,
    22.896927791189757,
    22.897075089801529,
    22.897089147716194,
    22.897090410149936,
    22.897090518284006,
    22.897090527216907,
    22.897090527932676,
    80.13981684798307,
    34.345635791993928
  ],
  "dz": [
    10,
    10,
    30,
    50,
    50,
    50,
    100,
    100,
    100,
    100,
    100,
    100,
    100,
    100,
    350,
    150
  ],
  "id_location": "ZURICH_SMA"
}