{
  "N": 0.72382533290296147,
  "Ta": -0.9,
  "ea": 466.8496719255557,
  "id_location": "ZURICH_SMA"
}