{
  "Dz": 10,
  "Ks_Zs": 12.739807275575847,
  "Ks_mac": 1273.9807275575847,
  "L": 0.12853006950346382,
  "O": 0.3637920100711049,
  "O33": 0.280998147903675,
  "Ohy": 0.1348211047911452,
  "Omac": 0,
  "Osat": 0.45504636790367492,
  "Pe": 2.0601180991130974,
  "Phy": 10000,
  "Pond": 0,
  "SPAR": 2,
  "WIS": 0,
  "alpVG": -9.6658678274624761E-5,
  "alpVGM": -0.0028997603482387429,
  "bVG": 0,
  "cosalp": 1,
  "id_location": "ZURICH_SMA",
  "lVG": 0.5,
  "lVGM": 0.5,
  "nVG": 1.1285300695034639,
  "nVGM": 3,
  "s_SVG": 0
}