{
  "BLit": 0,
  "In_Litter": 0,
  "Pre": 948.7232105699336,
  "Sllit": 2,
  "Ta": -0.9,
  "Ws": 2.1,
  "disp_h": 0.079000522264362466,
  "id_location": "ZURICH_SMA",
  "zatm": 2,
  "zom": 0.014503080953009825
}