{
  "Csno": 0,
  "FshdH": 1,
  "FshdL": 1,
  "FsunH": 0,
  "FsunL": 0,
  "LAI_H": 0,
  "LAI_L": 2.127304181368729,
  "Latm": 277.83430038943152,
  "SAI_H": 0,
  "SAI_L": 2.1086958186312712,
  "SnoDep": 0,
  "SvF": 1,
  "Tg": 1.8,
  "Tsno": 1.8,
  "TvHshd": 1.8,
  "TvHsun": 1.8,
  "TvLshd": 1.8,
  "TvLsun": 1.8,
  "e_gr": 0.96,
  "e_sno": 0.97,
  "hc_L": 0.11791122726024249,
  "id_location": "ZURICH_SMA"
}