{
  "Latm": 309.95765419166651,
  "SvF": 1,
  "Ts": 2.6755140315649868,
  "e_sur": 0.96,
  "id_location": "ZURICH_SMA"
}