{
  "B": [
    61,
    0,
    343,
    250,
    3,
    0,
    60,
    0
  ],
  "FNCtm1": 1,
  "Kreserve": 1000,
  "Nreserve": 1000,
  "OPT_SoilBiogeochemistry": 0,
  "Preserve": 1000,
  "St": {
    "Nl": 23,
    "Ns": 158.62068965517241,
    "Nr": 26.744186046511629,
    "Nf": 23,
    "Nh": 158.62068965517241,
    "Phol": 322,
    "Phos": 2220.6896551724139,
    "Phor": 374.41860465116281,
    "Phof": 322,
    "Phoh": 2220.6896551724139,
    "Kpotl": 46,
    "Kpots": 317.24137931034483,
    "Kpotr": 230,
    "Kpotf": 46,
    "Kpoth": 317.24137931034483,
    "ftransR": 0.2,
    "ftransL": 0.6,
    "FiS": 1,
    "Lig_fr_l": 0.15,
    "Lig_fr_fr": 0.1,
    "Lig_fr_h": 0.25,
    "Lig_fr_r": 0.1
  },
  "id_location": "ZURICH_SMA"
}