{
  "AgeL": 117.99999954004912,
  "BLeaf": 60.780119467677963,
  "L_day": 8.3388273040217289,
  "Lmax_day": 8.3719635847618115,
  "NBL_Im": 0,
  "aSE": 2,
  "age_cr": 180,
  "dflo": 1,
  "id_location": "ZURICH_SMA",
  "jDay": 1
}