{
  "Ccrown": 1,
  "Cfol_H": 0,
  "Csnow": 0,
  "Cwat": 0,
  "Dtm1": 0,
  "ESN": 0,
  "ESN_In": 0,
  "G": 0,
  "H": 25.915131350259024,
  "In_SWEtm1": 0,
  "In_max_SWE": 0,
  "Pr_liq": 0.24270426485218322,
  "Pr_sno": 0.25729573514781678,
  "Pr_sno_day": 0,
  "QE": 0,
  "Qv": -0.67552806464093162,
  "Rn": -12.127632652186776,
  "SP_wctm1": 0,
  "SWEtm1": 0,
  "Ta": 1.7,
  "Tdew": -0.596107307454685,
  "Th_Pr_sno": 8,
  "Ts": 2.6755140315649868,
  "Tstm1": 3.0826587631394236,
  "Ws": 4.7,
  "dt": 3600,
  "dw_SNO": 0,
  "fpr": 1,
  "id_location": "ZURICH_SMA",
  "ros_max1": 580,
  "ros_max2": 300,
  "rostm1": 0,
  "t_slstm1": 0
}