{
  "CLitter": 0,
  "CTt": 5.5592785365964174E-6,
  "CTt_oth": [],
  "Cbare": 0,
  "Ccrown": 1,
  "Cdeb": 0,
  "Cice": 0,
  "Cicew": 0,
  "Crock": 0,
  "Csno": 0,
  "Csnow": 0,
  "Curb": 0,
  "Cwat": 0,
  "FshdH": 1,
  "FshdL": 1,
  "FsunH": 0,
  "FsunL": 0,
  "ICE_D": 0,
  "ICEtm1": 0,
  "In_H": 0,
  "In_L": 0,
  "In_Litter": 0,
  "In_SWE": 0,
  "In_rock": 0,
  "In_urb": 0,
  "L": [
    0.12853006950346382,
    0.12853006950346382,
    0.12853006950346382,
    0.12853006950346382,
    0.12853006950346382,
    0.12853006950346382,
    0.12853006950346382,
    0.12853006950346382,
    0.12853006950346382,
    0.12853006950346382,
    0.12853006950346382,
    0.12853006950346382,
    0.12853006950346382,
    0.12853006950346382,
    0.12853006950346382,
    0.12853006950346382
  ],
  "LAI_H": 0,
  "LAI_L": 2.127304181368729,
  "Latm": 277.83430038943152,
  "Lpho": 2.6034729927459919E-17,
  "O33": [
    0.280998147903675,
    0.280998147903675,
    0.280998147903675,
    0.280998147903675,
    0.280998147903675,
    0.280998147903675,
    0.280998147903675,
    0.280998147903675,
    0.280998147903675,
    0.280998147903675,
    0.280998147903675,
    0.280998147903675,
    0.280998147903675,
    0.280998147903675,
    0.280998147903675,
    0.280998147903675
  ],
  "OPT_FR_SOIL": 1,
  "OPT_STh": {
    "AbsTol": 0.02,
    "BDF": [],
    "Events": [],
    "InitialStep": [],
    "Jacobian": [],
    "JConstant": [],
    "JPattern": [],
    "Mass": [],
    "MassSingular": [],
    "MaxOrder": [],
    "MaxStep": [],
    "MinStep": [],
    "NonNegative": [],
    "NormControl": [],
    "OutputFcn": [],
    "OutputSel": [],
    "Refine": [],
    "RelTol": [],
    "Stats": [],
    "Vectorized": [],
    "MStateDependence": [],
    "MvPattern": [],
    "InitialSlope": []
  },
  "OPT_SoilTemp": 1,
  "Ohy": [
    0.1348211047911452,
    0.1348211047911452,
    0.1348211047911452,
    0.1348211047911452,
    0.1348211047911452,
    0.1348211047911452,
    0.1348211047911452,
    0.1348211047911452,
    0.1348211047911452,
    0.1348211047911452,
    0.1348211047911452,
    0.1348211047911452,
    0.1348211047911452,
    0.1348211047911452,
    0.1348211047911452,
    0.1348211047911452
  ],
  "Oicetm1": [
    0,
    0,
    0,
    0,
    0,
    0,
    0,
    0,
    0,
    0,
    0,
    0,
    0,
    0,
    0,
    0
  ],
  "Osat": [
    0.45504636790367492,
    0.45504636790367492,
    0.45504636790367492,
    0.45504636790367492,
    0.45504636790367492,
    0.45504636790367492,
    0.45504636790367492,
    0.45504636790367492,
    0.45504636790367492,
    0.45504636790367492,
    0.45504636790367492,
    0.45504636790367492,
    0.45504636790367492,
    0.45504636790367492,
    0.45504636790367492,
    0.45504636790367492
  ],
  "Otm1": [
    0.3637920100711049,
    0.3637920100711049,
    0.3637920100711049,
    0.3637920100711049,
    0.3637920100711049,
    0.3637920100711049,
    0.3637920100711049,
    0.3637920100711049,
    0.3637920100711049,
    0.3637920100711049,
    0.3637920100711049,
    0.3637920100711049,
    0.3637920100711049,
    0.3637920100711049,
    0.3637920100711049,
    0.3637920100711049
  ],
  "Pe": [
    2.0601180991130974,
    2.0601180991130974,
    2.0601180991130974,
    2.0601180991130974,
    2.0601180991130974,
    2.0601180991130974,
    2.0601180991130974,
    2.0601180991130974,
    2.0601180991130974,
    2.0601180991130974,
    2.0601180991130974,
    2.0601180991130974,
    2.0601180991130974,
    2.0601180991130974,
    2.0601180991130974,
    2.0601180991130974
  ],
  "Phy": 10000,
  "Pr_liq": 0,
  "Pr_sno": 0,
  "Pre": 948.7232105699336,
  "RabsbShd_vegH": 0,
  "RabsbShd_vegL": 0,
  "RabsbSun_vegH": 0,
  "RabsbSun_vegL": 0,
  "Rabsb_bare": 0,
  "Rabsb_deb": 0,
  "Rabsb_ice": 0,
  "Rabsb_rock": 0,
  "Rabsb_sno": 0,
  "Rabsb_soiH": 0,
  "Rabsb_soiL": 0,
  "Rabsb_urb": 0,
  "Rabsb_wat": 0,
  "SAI_H": 0,
  "SAI_L": 2.1086958186312712,
  "SPAR": 2,
  "SWE": 0,
  "SnoDep": 0,
  "SvF": 1,
  "Ta": -0.9,
  "Tdamptm1": 2,
  "Tdptm1": [
    2,
    2,
    2,
    2,
    2,
    2,
    2,
    2,
    2,
    2,
    2,
    2,
    2,
    2,
    2,
    2
  ],
  "Ts": 1.8,
  "Tstm1": 1.8,
  "Vavail": 0.095404543866649871,
  "Vavail_plant_H": 0,
  "Vavail_plant_L": 0.0024275165602497804,
  "WAT_avail": 0,
  "Ws": 2.1,
  "Zs": [
    0,
    10,
    20,
    50,
    100,
    150,
    200,
    300,
    400,
    500,
    600,
    700,
    800,
    900,
    1000,
    1350,
    1500
  ],
  "alpVG": [
    -9.6658678274624761E-5,
    -9.6658678274624761E-5,
    -9.6658678274624761E-5,
    -9.6658678274624761E-5,
    -9.6658678274624761E-5,
    -9.6658678274624761E-5,
    -9.6658678274624761E-5,
    -9.6658678274624761E-5,
    -9.6658678274624761E-5,
    -9.6658678274624761E-5,
    -9.6658678274624761E-5,
    -9.6658678274624761E-5,
    -9.6658678274624761E-5,
    -9.6658678274624761E-5,
    -9.6658678274624761E-5,
    -9.6658678274624761E-5
  ],
  "alp_litter": 1,
  "alp_soil": 0.99985603646578147,
  "bVG": [
    0,
    0,
    0,
    0,
    0,
    0,
    0,
    0,
    0,
    0,
    0,
    0,
    0,
    0,
    0,
    0
  ],
  "b_soil": 1,
  "cv_s": [
    2.2294471846330538E+6,
    2.2294471846330538E+6,
    2.2294471846330538E+6,
    2.2294471846330538E+6,
    2.2294471846330538E+6,
    2.2294471846330538E+6,
    2.2294471846330538E+6,
    2.2294471846330538E+6,
    2.2294471846330538E+6,
    2.2294471846330538E+6,
    2.2294471846330538E+6,
    2.2294471846330538E+6,
    2.2294471846330538E+6,
    2.2294471846330538E+6,
    2.2294471846330538E+6,
    2.2294471846330538E+6
  ],
  "d_leaf_H": 3.5,
  "d_leaf_L": 0.8,
  "disp_h": 0.079000522264362466,
  "disp_h_H": 0,
  "disp_h_L": 0.079000522264362466,
  "dt": 3600,
  "dw_H": 0,
  "dw_L": 0,
  "dw_SNO": 0,
  "dz": [
    10,
    10,
    30,
    50,
    50,
    50,
    100,
    100,
    100,
    100,
    100,
    100,
    100,
    100,
    350,
    150
  ],
  "e_gr": 0.96,
  "e_sno": 0.97,
  "e_sur": {
    "R": 1,
    "U": 1,
    "W": 1,
    "I": 1,
    "D": 1
  },
  "ea": 466.8496719255557,
  "hc_H": 0,
  "hc_L": 0.11791122726024249,
  "id_location": "ZURICH_SMA",
  "lan_dry": [
    0.18917613735741573,
    0.18917613735741573,
    0.18917613735741573,
    0.18917613735741573,
    0.18917613735741573,
    0.18917613735741573,
    0.18917613735741573,
    0.18917613735741573,
    0.18917613735741573,
    0.18917613735741573,
    0.18917613735741573,
    0.18917613735741573,
    0.18917613735741573,
    0.18917613735741573,
    0.18917613735741573,
    0.18917613735741573
  ],
  "lan_s": [
    6.4757797867658757,
    6.4757797867658757,
    6.4757797867658757,
    6.4757797867658757,
    6.4757797867658757,
    6.4757797867658757,
    6.4757797867658757,
    6.4757797867658757,
    6.4757797867658757,
    6.4757797867658757,
    6.4757797867658757,
    6.4757797867658757,
    6.4757797867658757,
    6.4757797867658757,
    6.4757797867658757,
    6.4757797867658757
  ],
  "ms": 16,
  "nVG": [
    1.1285300695034639,
    1.1285300695034639,
    1.1285300695034639,
    1.1285300695034639,
    1.1285300695034639,
    1.1285300695034639,
    1.1285300695034639,
    1.1285300695034639,
    1.1285300695034639,
    1.1285300695034639,
    1.1285300695034639,
    1.1285300695034639,
    1.1285300695034639,
    1.1285300695034639,
    1.1285300695034639,
    1.1285300695034639
  ],
  "r_litter": 0,
  "r_soil": 121.45778849853365,
  "rs_shdH": "Inf",
  "rs_shdL": 2557.1980428695806,
  "rs_sunH": "Inf",
  "rs_sunL": "Inf",
  "rsd": [
    1444.1271250552616,
    1444.1271250552616,
    1444.1271250552616,
    1444.1271250552616,
    1444.1271250552616,
    1444.1271250552616,
    1444.1271250552616,
    1444.1271250552616,
    1444.1271250552616,
    1444.1271250552616,
    1444.1271250552616,
    1444.1271250552616,
    1444.1271250552616,
    1444.1271250552616,
    1444.1271250552616,
    1444.1271250552616
  ],