{
  "Aice": 0.28,
  "Axyl_H": 15,
  "Axyl_L": 0,
  "BLit": 0,
  "CT_H": 3,
  "CT_L": 3,
  "CTt": 5.5592785365964174E-6,
  "CTt_oth": [],
  "Ca": 338.43,
  "Cbare": 0,
  "Ccrown": 1,
  "Ccrown_L": 1,
  "Cicewtm1": 0,
  "Citm1_shdH": 338.43,
  "Citm1_shdL": 338.43,
  "Citm1_sunH": 338.43,
  "Citm1_sunL": 338.43,
  "Cl_H": 1200,
  "Cl_L": 1200,
  "Color_Class": 0,
  "Crock": 0,
  "Curb": 0,
  "Cwat": 0,
  "Cx_H": 150,
  "Cx_L": 150,
  "DSE_H": 0.649,
  "DSE_L": 0.656,
  "Deb_Par": {
    "alb": 0.13,
    "e_sur": 0.94,
    "lan": 0.94,
    "rho": 1496,
    "cs": 948,
    "zom": 0.016
  },
  "Do_H": 1000,
  "Do_L": 1000,
  "Ds": 105.27002406164496,
  "EvL_Zs": [
    1,
    0,
    0,
    0,
    0,
    0,
    0,
    0,
    0,
    0,
    0,
    0,
    0,
    0,
    0,
    0
  ],
  "Exwat_H": [
    0,
    0,
    0,
    0,
    0,
    0,
    0,
    0,
    0,
    0,
    0,
    0,
    0,
    0,
    0,
    0
  ],
  "Exwat_L": [
    143430.19865902737,
    122874.86910588348,
    273116.19045919349,
    252715.87208396586,
    121450.14032330467,
    59282.822459821982,
    26273.494348699929,
    0,
    0,
    0,
    0,
    0,
    0,
    0,
    0,
    0
  ],
  "FI_H": 0.081,
  "FI_L": 0.081,
  "Ha_H": 72,
  "Ha_L": 55,
  "ICE_Dtm1": 0,
  "ICEtm1": 0,
  "IP_wctm1": 0,
  "Ice_wc_sp": 0.01,
  "In_Htm1": 0,
  "In_Littertm1": 0,
  "In_Ltm1": 0,
  "In_SWEtm1": 0,
  "In_max_rock": 0.1,
  "In_max_urb": 5,
  "In_rocktm1": 0,
  "In_urbtm1": 0,
  "KcI": 0.06,
  "Kct": 0.75,
  "Kleaf_max_H": 5,
  "Kleaf_max_L": 5,
  "KnitH": 0.2,
  "KnitL": 0.15,
  "Kx_max_H": 80000,
  "Kx_max_L": 80000,
  "L": [
    0.12853006950346382,
    0.12853006950346382,
    0.12853006950346382,
    0.12853006950346382,
    0.12853006950346382,
    0.12853006950346382,
    0.12853006950346382,
    0.12853006950346382,
    0.12853006950346382,
    0.12853006950346382,
    0.12853006950346382,
    0.12853006950346382,
    0.12853006950346382,
    0.12853006950346382,
    0.12853006950346382,
    0.12853006950346382
  ],
  "LAI_H": 0,
  "LAI_L": 2.127304181368729,
  "LAIdead_H": 0,
  "LAIdead_L": 2.1076958186312713,
  "Latm": 277.83430038943152,
  "N": 0.72382533290296147,
  "O33": [
    0.280998147903675,
    0.280998147903675,
    0.280998147903675,
    0.280998147903675,
    0.280998147903675,
    0.280998147903675,
    0.280998147903675,
    0.280998147903675,
    0.280998147903675,
    0.280998147903675,
    0.280998147903675,
    0.280998147903675,
    0.280998147903675,
    0.280998147903675,
    0.280998147903675,
    0.280998147903675
  ],
  "OM_H": 1,
  "OM_L": 1,
  "OPT_FR_SOIL": 1,
  "OPT_PH": {
    "AbsTol": 0.01,
    "BDF": [],
    "Events": [],
    "InitialStep": [],
    "Jacobian": [],
    "JConstant": [],
    "JPattern": [],
    "Mass": [],
    "MassSingular": [],
    "MaxOrder": [],
    "MaxStep": [],
    "MinStep": [],
    "NonNegative": [],
    "NormControl": [],
    "OutputFcn": [],
    "OutputSel": [],
    "Refine": [],
    "RelTol": [],
    "Stats": [],
    "Vectorized": [],
    "MStateDependence": [],
    "MvPattern": [],
    "InitialSlope": []
  },
  "OPT_PlantHydr": 0,
  "OPT_STh": {
    "AbsTol": 0.02,
    "BDF": [],
    "Events": [],
    "InitialStep": [],
    "Jacobian": [],
    "JConstant": [],
    "JPattern": [],
    "Mass": [],
    "MassSingular": [],
    "MaxOrder": [],
    "MaxStep": [],
    "MinStep": [],
    "NonNegative": [],
    "NormControl": [],
    "OutputFcn": [],
    "OutputSel": [],
    "Refine": [],
    "RelTol": [],
    "Stats": [],
    "Vectorized": [],
    "MStateDependence": [],
    "MvPattern": [],
    "InitialSlope": []
  },
  "OPT_SoilTemp": 1,
  "OPT_VegSnow": 1,
  "OS": 0.3637920100711049,
  "Oa": 210000,
  "Ohy": [
    0.1348211047911452,
    0.1348211047911452,
    0.1348211047911452,
    0.1348211047911452,
    0.1348211047911452,
    0.1348211047911452,
    0.1348211047911452,
    0.1348211047911452,
    0.1348211047911452,
    0.1348211047911452,
    0.1348211047911452,
    0.1348211047911452,
    0.1348211047911452,
    0.1348211047911452,
    0.1348211047911452,
    0.1348211047911452
  ],
  "Oicetm1": [
    0,
    0,
    0,
    0,
    0,
    0,
    0,
    0,
    0,
    0,
    0,
    0,
    0,
    0,
    0,
    0
  ],
  "Opt_CR": {
    "Display": [],
    "MaxFunEvals": [],
    "MaxIter": [],
    "TolFun": 1,
    "TolX": [],
    "FunValCheck": [],
    "OutputFcn": [],
    "PlotFcns": [],
    "ActiveConstrTol": [],
    "Algorithm": [],
    "AlwaysHonorConstraints": [],
    "DerivativeCheck": [],
    "Diagnostics": [],
    "DiffMaxChange": [],
    "DiffMinChange": [],
    "FinDiffRelStep": [],
    "FinDiffType": [],
    "GoalsExactAchieve": [],
    "GradConstr": [],
    "GradObj": [],
    "HessFcn": [],
    "Hessian": [],
    "HessMult": [],
    "HessPattern": [],
    "HessUpdate": [],
    "InitBarrierParam": [],
    "InitTrustRegionRadius": [],
    "Jacobian": [],
    "JacobMult": [],
    "JacobPattern": [],
    "LargeScale": [],
    "MaxNodes": [],
    "MaxPCGIter": [],
    "MaxProjCGIter": [],
    "MaxSQPIter": [],
    "MaxTime": [],
    "MeritFunction": [],
    "MinAbsMax": [],
    "NoStopIfFlatInfeas": [],
    "ObjectiveLimit": [],
    "PhaseOneTotalScaling": [],
    "Preconditioner": [],
    "PrecondBandWidth": [],
    "RelLineSrchBnd": [],
    "RelLineSrchBndDuration": [],
    "ScaleProblem": [],
    "SubproblemAlgorithm": [],
    "TolCon": [],
    "TolConSQP": [],
    "TolGradCon": [],
    "TolPCG": [],
    "TolProjCG": [],
    "TolProjCGAbs": [],
    "TypicalX": [],
    "UseParallel": []
  },
  "Opt_ST": {
    "Display": [],
    "MaxFunEvals": [],
    "MaxIter": [],
    "TolFun": 0.1,
    "TolX": [],
    "FunValCheck": [],
    "OutputFcn": [],
    "PlotFcns": [],
    "ActiveConstrTol": [],
    "Algorithm": [],
    "AlwaysHonorConstraints": [],
    "DerivativeCheck": [],
    "Diagnostics": [],
    "DiffMaxChange": [],
    "DiffMinChange": [],
    "FinDiffRelStep": [],
    "FinDiffType": [],
    "GoalsExactAchieve": [],
    "GradConstr": [],
    "GradObj": [],
    "HessFcn": [],
    "Hessian": [],
    "HessMult": [],
    "HessPattern": [],
    "HessUpdate": [],
    "InitBarrierParam": [],
    "InitTrustRegionRadius": [],
    "Jacobian": [],
    "JacobMult": [],
    "JacobPattern": [],
    "LargeScale": [],
    "MaxNodes": [],
    "MaxPCGIter": [],
    "MaxProjCGIter": [],
    "MaxSQPIter": [],
    "MaxTime": [],
    "MeritFunction": [],
    "MinAbsMax": [],
    "NoStopIfFlatInfeas": [],
    "ObjectiveLimit": [],
    "PhaseOneTotalScaling": [],
    "Preconditioner": [],
    "PrecondBandWidth": [],
    "RelLineSrchBnd": [],
    "RelLineSrchBndDuration": [],
    "ScaleProblem": [],
    "SubproblemAlgorithm": [],
    "TolCon": [],
    "TolConSQP": [],
    "TolGradCon": [],
    "TolPCG": [],
    "TolProjCG": [],
    "TolProjCGAbs": [],
    "TypicalX": [],
    "UseParallel": []
  },
  "Opt_ST2": {
    "Display": "off",
    "MaxFunEvals": [],
    "MaxIter": [],
    "TolFun": 0.1,
    "TolX": [],
    "FunValCheck": [],
    "OutputFcn": [],
    "PlotFcns": [],
    "ActiveConstrTol": [],
    "Algorithm": [],
    "AlwaysHonorConstraints": [],
    "DerivativeCheck": [],
    "Diagnostics": [],
    "DiffMaxChange": [],
    "DiffMinChange": [],
    "FinDiffRelStep": [],
    "FinDiffType": [],
    "GoalsExactAchieve": [],
    "GradConstr": [],
    "GradObj": [],
    "HessFcn": [],
    "Hessian": [],
    "HessMult": [],
    "HessPattern": [],
    "HessUpdate": [],
    "InitBarrierParam": [],
    "InitTrustRegionRadius": [],
    "Jacobian": [],
    "JacobMult": [],
    "JacobPattern": [],
    "LargeScale": [],
    "MaxNodes": [],
    "MaxPCGIter": [],
    "MaxProjCGIter": [],
    "MaxSQPIter": [],
    "MaxTime": [],
    "MeritFunction": [],
    "MinAbsMax": [],
    "NoStopIfFlatInfeas": [],
    "ObjectiveLimit": [],
    "PhaseOneTotalScaling": [],
    "Preconditioner": [],
    "PrecondBandWidth": [],
    "RelLineSrchBnd": [],
    "RelLineSrchBndDuration": [],
    "ScaleProblem": [],
    "SubproblemAlgorithm": [],
    "TolCon": [],
    "TolConSQP": [],