{
  "AgeDL": 0,
  "AgeL": 117,
  "An": 0,
  "B": [
    61,
    0,
    343,
    250,
    3,
    0,
    60,
    0
  ],
  "Bfac": 1,
  "Bfac_alloc": 0.99999896939091,
  "FNC": 1,
  "GF": "Inf",
  "GirdOpt": 0,
  "Klf": 0.02,
  "Kreserve": 1001.2847282608695,
  "LtR": 0.35,
  "Mf": 0.02,
  "NBLeaf": 0,
  "Nreserve": 1006.0143695652174,
  "OPT_EnvLimitGrowth": 0,
  "OPT_VCA": 0,
  "PHE_S": 3,
  "Preserve": 1000.4295978260869,
  "Rdark": 0,
  "Rexmy": 0,
  "Se_bio": 0.71503073509692938,
  "Sl": 0.035,
  "Sl_emecrop": "NaN",
  "St": {
    "Nl": 23,
    "Ns": 158.62068965517241,
    "Nr": 26.744186046511629,
    "Nf": 23,
    "Nh": 158.62068965517241,
    "Phol": 322,
    "Phos": 2220.6896551724139,
    "Phor": 374.41860465116281,
    "Phof": 322,
    "Phoh": 2220.6896551724139,
    "Kpotl": 46,
    "Kpots": 317.24137931034483,
    "Kpotr": 230,
    "Kpotf": 46,
    "Kpoth": 317.24137931034483,
    "ftransR": 0.2,
    "ftransL": 0.6,
    "FiS": 1,
    "Lig_fr_l": 0.15,
    "Lig_fr_fr": 0.1,
    "Lig_fr_h": 0.25,
    "Lig_fr_r": 0.1
  },
  "TBio": 0,
  "Tam": -0.2,
  "Tcold": -2,
  "Tdp_bio": 2,
  "Trr": 2,
  "Tsm": 0,
  "Wm": 0,
  "aSE": 2,
  "age_cr": 180,
  "dc_C": 0.019178082191780823,
  "dd_max": 0.022222222222222223,
  "dflo": 0,
  "dmg": 20,
  "drn": 0.0022222222222222222,
  "dsn": 0.0027397260273972603,
  "dtd": 1,
  "eps_ac": 0.2,
  "fab": 0,
  "fbe": 1,
  "ff_r": 0.1,
  "gR": 0.25,
  "id_location": "ZURICH_SMA",
  "mSl": 0,
  "r": 0.06,
  "rNc": 1,
  "soCrop": "NaN",
  "t": 0
}