{
  "Idn": {
    "dir_vis": 0.063532414767818,
    "dif_vis": 0.66572918339465,
    "dir_nir": 0.31347273430262068,
    "dif_nir": 0.77524187153543089
  },
  "Iup": {
    "dir_vis": 0.070625845149701091,
    "dif_vis": 0.0747547003850706,
    "dir_nir": 0.3581332789604465,
    "dif_nir": 0.24960576680169877
  },
  "Kopt": 5.5246345389645457,
  "LAI": 0.47687929043347055,
  "LAId": 0.00088495201554332947,
  "PFT_opt": {
    "chiL": -0.3,
    "alf_lf_vis": 0.11,
    "alf_lf_nir": 0.35,
    "alf_st_vis": 0.31,
    "alf_st_nir": 0.53,
    "alf_ld_vis": 0.31,
    "alf_ld_nir": 0.53,
    "tau_lf_vis": 0.05,
    "tau_lf_nir": 0.34,
    "tau_st_vis": 0.12,
    "tau_st_nir": 0.25,
    "tau_ld_vis": 0.12,
    "tau_ld_nir": 0.25
  },
  "SAI": 0.001,
  "a": 8,
  "dw_SNO": 0,
  "h_S": 0.11396382223709017,
  "id_location": "VAIRA",
  "inputs": {
    "LAI": 0.47687929043347055,
    "LAId": 0.00088495201554332947,
    "PFT_opt": {
      "chiL": -0.3,
      "alf_lf_vis": 0.11,
      "alf_lf_nir": 0.35,
      "alf_st_vis": 0.31,
      "alf_st_nir": 0.53,
      "alf_ld_vis": 0.31,
      "alf_ld_nir": 0.53,
      "tau_lf_vis": 0.05,
      "tau_lf_nir": 0.34,
      "tau_st_vis": 0.12,
      "tau_st_nir": 0.25,
      "tau_ld_vis": 0.12,
      "tau_ld_nir": 0.25
    },
    "SAI": 0.001,
    "dw_SNO": 0,
    "h_S": 0.11396382223709017,
    "id_location": "VAIRA",
    "soil_alb": {
      "dir_vis": 0.11134314257843861,
      "dif_vis": 0.11134314257843861,
      "dir_nir": 0.22634314257843863,
      "dif_nir": 0.22634314257843863
    }
  },
  "om_vis_vg": 0.16106302225411268,
  "soil_alb": {
    "dir_vis": 0.11134314257843861,
    "dif_vis": 0.11134314257843861,
    "dir_nir": 0.22634314257843863,
    "dif_nir": 0.22634314257843863
  },
  "w": [
    {
      "name": "Idn",
      "size": [
        1,
        1
      ],
      "bytes": 588,
      "class": "struct",
      "global": false,
      "sparse": false,
      "complex": false,
      "nesting": {
        "function": "Canopy_Radiative_Transfer",
        "level": 1
      },
      "persistent": false
    },
    {
      "name": "Iup",
      "size": [
        1,
        1
      ],
      "bytes": 588,
      "class": "struct",
      "global": false,
      "sparse": false,
      "complex": false,
      "nesting": {
        "function": "Canopy_Radiative_Transfer",
        "level": 1
      },
      "persistent": false
    },
    {
      "name": "Kopt",
      "size": [
        1,
        1
      ],
      "bytes": 8,
      "class": "double",
      "global": false,
      "sparse": false,
      "complex": false,
      "nesting": {
        "function": "Canopy_Radiative_Transfer",
        "level": 1
      },
      "persistent": false
    },
    {
      "name": "LAI",
      "size": [
        1,
        1
      ],
      "bytes": 8,
      "class": "double",
      "global": false,
      "sparse": false,
      "complex": false,
      "nesting": {
        "function": "Canopy_Radiative_Transfer",
        "level": 1
      },
      "persistent": false
    },
    {
      "name": "LAId",
      "size": [
        1,
        1
      ],
      "bytes": 8,
      "class": "double",
      "global": false,
      "sparse": false,
      "complex": false,
      "nesting": {
        "function": "Canopy_Radiative_Transfer",
        "level": 1
      },
      "persistent": false
    },
    {
      "name": "PFT_opt",
      "size": [
        1,
        1
      ],
      "bytes": 1908,
      "class": "struct",
      "global": false,
      "sparse": false,
      "complex": false,
      "nesting": {
        "function": "Canopy_Radiative_Transfer",
        "level": 1
      },
      "persistent": false
    },
    {
      "name": "SAI",
      "size": [
        1,
        1
      ],
      "bytes": 8,
      "class": "double",
      "global": false,
      "sparse": false,
      "complex": false,
      "nesting": {
        "function": "Canopy_Radiative_Transfer",
        "level": 1
      },
      "persistent": false
    },
    {
      "name": "a",
      "size": [
        1,
        1
      ],
      "bytes": 8,
      "class": "double",
      "global": false,
      "sparse": false,
      "complex": false,
      "nesting": {
        "function": "Canopy_Radiative_Transfer",
        "level": 1
      },
      "persistent": false
    },
    {
      "name": "dw_SNO",
      "size": [
        1,
        1
      ],
      "bytes": 8,
      "class": "double",
      "global": false,
      "sparse": false,
      "complex": false,
      "nesting": {
        "function": "Canopy_Radiative_Transfer",
        "level": 1
      },
      "persistent": false
    },
    {
      "name": "h_S",
      "size": [
        1,
        1
      ],
      "bytes": 8,
      "class": "double",
      "global": false,
      "sparse": false,
      "complex": false,
      "nesting": {
        "function": "Canopy_Radiative_Transfer",
        "level": 1
      },
      "persistent": false
    },
    {
      "name": "id_location",
      "size": [
        1,
        5
      ],
      "bytes": 10,
      "class": "char",
      "global": true,
      "sparse": false,
      "complex": false,
      "nesting": {
        "function": "Canopy_Radiative_Transfer",
        "level": 1
      },
      "persistent": false
    },
    {
      "name": "inputs",
      "size": [
        1,
        1
      ],
      "bytes": 3631,
      "class": "struct",
      "global": false,
      "sparse": false,
      "complex": false,
      "nesting": {
        "function": "Canopy_Radiative_Transfer",
        "level": 1
      },
      "persistent": false
    },
    {
      "name": "om_vis_vg",
      "size": [
        1,
        1
      ],
      "bytes": 8,
      "class": "double",
      "global": false,
      "sparse": false,
      "complex": false,
      "nesting": {
        "function": "Canopy_Radiative_Transfer",
        "level": 1
      },
      "persistent": false
    },
    {
      "name": "soil_alb",
      "size": [
        1,
        1
      ],
      "bytes": 588,
      "class": "struct",
      "global": false,
      "sparse": false,
      "complex": false,
      "nesting": {
        "function": "Canopy_Radiative_Transfer",
        "level": 1
      },
      "persistent": false
    },
    {
      "name": "w",
      "size": [
        8,
        1
      ],
      "bytes": 11932,
      "class": "struct",
      "global": false,
      "sparse": false,
      "complex": false,
      "nesting": {
        "function": "Canopy_Radiative_Transfer",
        "level": 1
      },
      "persistent": false
    }
  ]
}