{
  "AgeDL": 0,
  "AgeDLtm1": 0,
  "AgeL": 31.690800544239895,
  "AgeLtm1": 31.365266019582869,
  "Bfac_day": 1,
  "Bfac_lo": 0.93,
  "Bfac_ls": 0.7,
  "Bfac_week": 1,
  "LAI": 0.48688251562448503,
  "LAI_cut": 0,
  "LAI_min": 0.05,
  "LAIdead": 0.001351444372060334,
  "LDay_cr": 9,
  "LDay_min": 8,
  "L_day": 11.458301294736476,
  "NLeaf": 0.010469716632781793,
  "NLeafdead": 0.0004664923565170045,
  "NPPm": 0.092093743835640562,
  "PAR_Im": 0.31735207159798173,
  "PAR_th": "-Inf",
  "PHE_S": 3,
  "PHE_Stm1": 3,
  "Tlo": 8,
  "Tls": "NaN",
  "Tsmm": 21.230601464690164,
  "a": 26,
  "aSE": 2,
  "age_cr": 180,
  "dflo": 3,
  "dflotm1": 2,
  "dmg": 15,
  "dtd": 1,
  "id_location": "VAIRA",
  "inputs": {
    "AgeDLtm1": 0,
    "AgeLtm1": 31.365266019582869,
    "Bfac_day": 1,
    "Bfac_lo": 0.93,
    "Bfac_ls": 0.7,
    "Bfac_week": 1,
    "LAI": 0.48688251562448503,
    "LAI_cut": 0,
    "LAI_min": 0.05,
    "LAIdead": 0.001351444372060334,
    "LDay_cr": 9,
    "LDay_min": 8,
    "L_day": 11.458301294736476,
    "NLeaf": 0.010469716632781793,
    "NLeafdead": 0.0004664923565170045,
    "NPPm": 0.092093743835640562,
    "PAR_Im": 0.31735207159798173,
    "PAR_th": null,
    "PHE_Stm1": 3,
    "Tlo": 8,
    "Tls": null,
    "Tsmm": 21.230601464690164,
    "aSE": 2,
    "age_cr": 180,
    "dflotm1": 2,
    "dmg": 15,
    "dtd": 1,
    "id_location": "VAIRA",
    "jDay": 276,
    "jDay_dist": null,
    "mjDay": -280
  },
  "jDay": 276,
  "jDay_dist": "NaN",
  "mjDay": -280,
  "w": [
    {
      "name": "AgeDL",
      "size": [
        1,
        1
      ],
      "bytes": 8,
      "class": "double",
      "global": false,
      "sparse": false,
      "complex": false,
      "nesting": {
        "function": "PHENOLOGY_STATE",
        "level": 1
      },
      "persistent": false
    },
    {
      "name": "AgeDLtm1",
      "size": [
        1,
        1
      ],
      "bytes": 8,
      "class": "double",
      "global": false,
      "sparse": false,
      "complex": false,
      "nesting": {
        "function": "PHENOLOGY_STATE",
        "level": 1
      },
      "persistent": false
    },
    {
      "name": "AgeL",
      "size": [
        1,
        1
      ],
      "bytes": 8,
      "class": "double",
      "global": false,
      "sparse": false,
      "complex": false,
      "nesting": {
        "function": "PHENOLOGY_STATE",
        "level": 1
      },
      "persistent": false
    },
    {
      "name": "AgeLtm1",
      "size": [
        1,
        1
      ],
      "bytes": 8,
      "class": "double",
      "global": false,
      "sparse": false,
      "complex": false,
      "nesting": {
        "function": "PHENOLOGY_STATE",
        "level": 1
      },
      "persistent": false
    },
    {
      "name": "Bfac_day",
      "size": [
        1,
        1
      ],
      "bytes": 8,
      "class": "double",
      "global": false,
      "sparse": false,
      "complex": false,
      "nesting": {
        "function": "PHENOLOGY_STATE",
        "level": 1
      },
      "persistent": false
    },
    {
      "name": "Bfac_lo",
      "size": [
        1,
        1
      ],
      "bytes": 8,
      "class": "double",
      "global": false,
      "sparse": false,
      "complex": false,
      "nesting": {
        "function": "PHENOLOGY_STATE",
        "level": 1
      },
      "persistent": false
    },
    {
      "name": "Bfac_ls",
      "size": [
        1,
        1
      ],
      "bytes": 8,
      "class": "double",
      "global": false,
      "sparse": false,
      "complex": false,
      "nesting": {
        "function": "PHENOLOGY_STATE",
        "level": 1
      },
      "persistent": false
    },
    {
      "name": "Bfac_week",
      "size": [
        1,
        1
      ],
      "bytes": 8,
      "class": "double",
      "global": false,
      "sparse": false,
      "complex": false,
      "nesting": {
        "function": "PHENOLOGY_STATE",
        "level": 1
      },
      "persistent": false
    },
    {
      "name": "LAI",
      "size": [
        1,
        1
      ],
      "bytes": 8,
      "class": "double",
      "global": false,
      "sparse": false,
      "complex": false,
      "nesting": {
        "function": "PHENOLOGY_STATE",
        "level": 1
      },
      "persistent": false
    },
    {
      "name": "LAI_cut",
      "size": [
        1,
        1
      ],
      "bytes": 8,
      "class": "double",
      "global": false,
      "sparse": false,
      "complex": false,
      "nesting": {
        "function": "PHENOLOGY_STATE",
        "level": 1
      },
      "persistent": false
    },
    {
      "name": "LAI_min",
      "size": [
        1,
        1
      ],
      "bytes": 8,
      "class": "double",
      "global": false,
      "sparse": false,
      "complex": false,
      "nesting": {
        "function": "PHENOLOGY_STATE",
        "level": 1
      },
      "persistent": false
    },
    {
      "name": "LAIdead",
      "size": [
        1,
        1
      ],
      "bytes": 8,
      "class": "double",
      "global": false,
      "sparse": false,
      "complex": false,
      "nesting": {
        "function": "PHENOLOGY_STATE",
        "level": 1
      },
      "persistent": false
    },
    {
      "name": "LDay_cr",
      "size": [
        1,
        1
      ],
      "bytes": 8,
      "class": "double",
      "global": false,
      "sparse": false,
      "complex": false,
      "nesting": {
        "function": "PHENOLOGY_STATE",
        "level": 1
      },
      "persistent": false
    },
    {
      "name": "LDay_min",
      "size": [
        1,
        1
      ],
      "bytes": 8,
      "class": "double",
      "global": false,
      "sparse": false,
      "complex": false,
      "nesting": {
        "function": "PHENOLOGY_STATE",
        "level": 1
      },
      "persistent": false
    },
    {
      "name": "L_day",
      "size": [
        1,
        1
      ],
      "bytes": 8,
      "class": "double",
      "global": false,
      "sparse": false,
      "complex": false,
      "nesting": {
        "function": "PHENOLOGY_STATE",
        "level": 1
      },
      "persistent": false
    },
    {
      "name": "NLeaf",
      "size": [
        1,
        1
      ],
      "bytes": 8,
      "class": "double",
      "global": false,
      "sparse": false,
      "complex": false,
      "nesting": {
        "function": "PHENOLOGY_STATE",
        "level": 1
      },
      "persistent": false
    },
    {
      "name": "NLeafdead",
      "size": [
        1,
        1
      ],
      "bytes": 8,
      "class": "double",
      "global": false,
      "sparse": false,
      "complex": false,
      "nesting": {
        "function": "PHENOLOGY_STATE",
        "level": 1
      },
      "persistent": false
    },
    {
      "name": "NPPm",
      "size": [
        1,
        1
      ],
      "bytes": 8,
      "class": "double",
      "global": false,
      "sparse": false,
      "complex": false,
      "nesting": {
        "function": "PHENOLOGY_STATE",
        "level": 1
      },
      "persistent": false
    },
    {
      "name": "PAR_Im",
      "size": [
        1,
        1
      ],
      "bytes": 8,
      "class": "double",
      "global": false,
      "sparse": false,
      "complex": false,
      "nesting": {
        "function": "PHENOLOGY_STATE",
        "level": 1
      },
      "persistent": false
    },
    {
      "name": "PAR_th",
      "size": [
        1,
        1
      ],
      "bytes": 8,
      "class": "double",
      "global": false,
      "sparse": false,
      "complex": false,
      "nesting": {
        "function": "PHENOLOGY_STATE",
        "level": 1
      },
      "persistent": false
    },
    {
      "name": "PHE_S",
      "size": [
        1,
        1
      ],
      "bytes": 8,
      "class": "double",
      "global": false,
      "sparse": false,
      "complex": false,
      "nesting": {
        "function": "PHENOLOGY_STATE",
        "level": 1
      },