{
  "Bam": "NaN",
  "Bem": "NaN",
  "Broot": 139.91639086210358,
  "Creserve": 119.98948612814284,
  "EM": 0,
  "NPP": 0.71598161737669064,
  "NavlI": [
    0,
    0,
    0
  ],
  "NupIm": [
    0,
    0,
    0
  ],
  "ParEx": {
    "dexmy": 0.04,
    "OPT_EXU": 3,
    "bfix": 0,
    "kc1": null,
    "kc2": null,
    "kc3": null,
    "kn1": 7000,
    "kn2": 3.5,
    "kn3": 2,
    "kp1": 466.66666666666669,
    "kp2": 0.23333333333333334,
    "kp3": 0.13333333333333333,
    "kk1": 2800,
    "kk2": 1.4,
    "kk3": 0.8
  },
  "RexmyT": [
    0.0057278529390135252,
    0.0229114117560541,
    0
  ],
  "Tdp": 20.609540314679226,
  "a": 12,
  "id_location": "VAIRA",
  "inputs": {
    "Bam": null,
    "Bem": null,
    "Broot": 139.91639086210358,
    "Creserve": 119.98948612814284,
    "EM": 0,
    "NPP": 0.71598161737669064,
    "NavlI": [
      0,
      0,
      0
    ],
    "NupIm": [
      0,
      0,
      0
    ],
    "ParEx": {
      "dexmy": 0.04,
      "OPT_EXU": 3,
      "bfix": 0,
      "kc1": null,
      "kc2": null,
      "kc3": null,
      "kn1": 7000,
      "kn2": 3.5,
      "kn3": 2,
      "kp1": 466.66666666666669,
      "kp2": 0.23333333333333334,
      "kp3": 0.13333333333333333,
      "kk1": 2800,
      "kk2": 1.4,
      "kk3": 0.8
    },
    "Tdp": 20.609540314679226,
    "id_location": "VAIRA",
    "rKc": 1,
    "rMc": 1,
    "rNc": 1,
    "rPc": 1
  },
  "rKc": 1,
  "rMc": 1,
  "rNc": 1,
  "rPc": 1,
  "w": [
    {
      "name": "Bam",
      "size": [
        1,
        1
      ],
      "bytes": 8,
      "class": "double",
      "global": false,
      "sparse": false,
      "complex": false,
      "nesting": {
        "function": "Root_Exudation",
        "level": 1
      },
      "persistent": false
    },
    {
      "name": "Bem",
      "size": [
        1,
        1
      ],
      "bytes": 8,
      "class": "double",
      "global": false,
      "sparse": false,
      "complex": false,
      "nesting": {
        "function": "Root_Exudation",
        "level": 1
      },
      "persistent": false
    },
    {
      "name": "Broot",
      "size": [
        1,
        1
      ],
      "bytes": 8,
      "class": "double",
      "global": false,
      "sparse": false,
      "complex": false,
      "nesting": {
        "function": "Root_Exudation",
        "level": 1
      },
      "persistent": false
    },
    {
      "name": "Creserve",
      "size": [
        1,
        1
      ],
      "bytes": 8,
      "class": "double",
      "global": false,
      "sparse": false,
      "complex": false,
      "nesting": {
        "function": "Root_Exudation",
        "level": 1
      },
      "persistent": false
    },
    {
      "name": "EM",
      "size": [
        1,
        1
      ],
      "bytes": 8,
      "class": "double",
      "global": false,
      "sparse": false,
      "complex": false,
      "nesting": {
        "function": "Root_Exudation",
        "level": 1
      },
      "persistent": false
    },
    {
      "name": "NPP",
      "size": [
        1,
        1
      ],
      "bytes": 8,
      "class": "double",
      "global": false,
      "sparse": false,
      "complex": false,
      "nesting": {
        "function": "Root_Exudation",
        "level": 1
      },
      "persistent": false
    },
    {
      "name": "NavlI",
      "size": [
        1,
        3
      ],
      "bytes": 24,
      "class": "double",
      "global": false,
      "sparse": false,
      "complex": false,
      "nesting": {
        "function": "Root_Exudation",
        "level": 1
      },
      "persistent": false
    },
    {
      "name": "NupIm",
      "size": [
        1,
        3
      ],
      "bytes": 24,
      "class": "double",
      "global": false,
      "sparse": false,
      "complex": false,
      "nesting": {
        "function": "Root_Exudation",
        "level": 1
      },
      "persistent": false
    },
    {
      "name": "ParEx",
      "size": [
        1,
        1
      ],
      "bytes": 2108,
      "class": "struct",
      "global": false,
      "sparse": false,
      "complex": false,
      "nesting": {
        "function": "Root_Exudation",
        "level": 1
      },
      "persistent": false
    },
    {
      "name": "RexmyT",
      "size": [
        1,
        3
      ],
      "bytes": 24,
      "class": "double",
      "global": false,
      "sparse": false,
      "complex": false,
      "nesting": {
        "function": "Root_Exudation",
        "level": 1
      },
      "persistent": false
    },
    {
      "name": "Tdp",
      "size": [
        1,
        1
      ],
      "bytes": 8,
      "class": "double",
      "global": false,
      "sparse": false,
      "complex": false,
      "nesting": {
        "function": "Root_Exudation",
        "level": 1
      },
      "persistent": false
    },
    {
      "name": "a",
      "size": [
        1,
        1
      ],
      "bytes": 8,
      "class": "double",
      "global": false,
      "sparse": false,
      "complex": false,
      "nesting": {
        "function": "Root_Exudation",
        "level": 1
      },
      "persistent": false
    },
    {
      "name": "id_location",
      "size": [
        1,
        5
      ],
      "bytes": 10,
      "class": "char",
      "global": true,
      "sparse": false,
      "complex": false,
      "nesting": {
        "function": "Root_Exudation",
        "level": 1
      },
      "persistent": false
    },
    {
      "name": "inputs",
      "size": [
        1,
        1
      ],
      "bytes": 4255,
      "class": "struct",
      "global": false,
      "sparse": false,
      "complex": false,
      "nesting": {
        "function": "Root_Exudation",
        "level": 1
      },
      "persistent": false
    },
    {
      "name": "rKc",
      "size": [
        1,
        1
      ],
      "bytes": 8,
      "class": "double",
      "global": false,
      "sparse": false,
      "complex": false,
      "nesting": {
        "function": "Root_Exudation",
        "level": 1
      },
      "persistent": false
    },
    {
      "name": "rMc",
      "size": [
        1,
        1
      ],
      "bytes": 8,
      "class": "double",
      "global": false,
      "sparse": false,
      "complex": false,
      "nesting": {
        "function": "Root_Exudation",
        "level": 1
      },
      "persistent": false
    },
    {
      "name": "rNc",
      "size": [
        1,
        1
      ],
      "bytes": 8,
      "class": "double",
      "global": false,
      "sparse": false,
      "complex": false,
      "nesting": {
        "function": "Root_Exudation",
        "level": 1
      },
      "persistent": false
    },
    {
      "name": "rPc",
      "size": [
        1,
        1
      ],
      "bytes": 8,
      "class": "double",
      "global": false,
      "sparse": false,
      "complex": false,
      "nesting": {
        "function": "Root_Exudation",
        "level": 1
      },
      "persistent": false
    },
    {
      "name": "w",
      "size": [
        15,
        1
      ],
      "bytes": 21883,
      "class": "struct",
      "global": false,
      "sparse": false,
      "complex": false,
      "nesting": {
        "function": "Root_Exudation",
        "level": 1
      },
      "persistent": false
    }
  ]
}