{
  "Ks": 15.574571870799046,
  "Ks_mac": 1557.4571870799045,
  "L": 0.27384270864743376,
  "O": 0.27295949321818774,
  "O33": 0.26031765664458639,
  "Ohy": 0.054446098178559624,
  "Omac": 0,
  "Osat": 0.43100482424458642,
  "Pe": 6.9714874207033422,
  "Phy": 10000,
  "Pre": 1007.8,
  "SPAR": 2,
  "Ts": 13.73520314146597,
  "Ws": 0.28918385362537968,
  "a": 15,
  "alpVG": -9.8883233631452124E-5,
  "alpVGM": -0.0029664970089435636,
  "alp_soil": 0.999765338741979,
  "bVG": 0,
  "b_soil": 1,
  "ea": 1037.5064549169554,
  "id_location": "VAIRA",
  "inputs": {
    "Ks": 15.574571870799046,
    "Ks_mac": 1557.4571870799045,
    "L": 0.27384270864743376,
    "O": 0.27295949321818774,
    "O33": 0.26031765664458639,
    "Ohy": 0.054446098178559624,
    "Omac": 0,
    "Osat": 0.43100482424458642,
    "Pe": 6.9714874207033422,
    "Phy": 10000,
    "Pre": 1007.8,
    "SPAR": 2,
    "Ts": 13.73520314146597,
    "Ws": 0.28918385362537968,
    "alpVG": -9.8883233631452124E-5,
    "alpVGM": -0.0029664970089435636,
    "bVG": 0,
    "ea": 1037.5064549169554,
    "id_location": "VAIRA",
    "lVG": 0.5,
    "lVGM": 0.5,
    "nVG": 1.2738427086474338,
    "nVGM": 3,
    "q_runon": 0,
    "s_SVG": 0
  },
  "lVG": 0.5,
  "lVGM": 0.5,
  "nVG": 1.2738427086474338,
  "nVGM": 3,
  "q_runon": 0,
  "r_soil": 208.31946389721452,
  "s_SVG": 0,
  "w": [
    {
      "name": "Ks",
      "size": [
        1,
        1
      ],
      "bytes": 8,
      "class": "double",
      "global": false,
      "sparse": false,
      "complex": false,
      "nesting": {
        "function": "Soil_Resistence",
        "level": 1
      },
      "persistent": false
    },
    {
      "name": "Ks_mac",
      "size": [
        1,
        1
      ],
      "bytes": 8,
      "class": "double",
      "global": false,
      "sparse": false,
      "complex": false,
      "nesting": {
        "function": "Soil_Resistence",
        "level": 1
      },
      "persistent": false
    },
    {
      "name": "L",
      "size": [
        1,
        1
      ],
      "bytes": 8,
      "class": "double",
      "global": false,
      "sparse": false,
      "complex": false,
      "nesting": {
        "function": "Soil_Resistence",
        "level": 1
      },
      "persistent": false
    },
    {
      "name": "O",
      "size": [
        1,
        1
      ],
      "bytes": 8,
      "class": "double",
      "global": false,
      "sparse": false,
      "complex": false,
      "nesting": {
        "function": "Soil_Resistence",
        "level": 1
      },
      "persistent": false
    },
    {
      "name": "O33",
      "size": [
        1,
        1
      ],
      "bytes": 8,
      "class": "double",
      "global": false,
      "sparse": false,
      "complex": false,
      "nesting": {
        "function": "Soil_Resistence",
        "level": 1
      },
      "persistent": false
    },
    {
      "name": "Ohy",
      "size": [
        1,
        1
      ],
      "bytes": 8,
      "class": "double",
      "global": false,
      "sparse": false,
      "complex": false,
      "nesting": {
        "function": "Soil_Resistence",
        "level": 1
      },
      "persistent": false
    },
    {
      "name": "Omac",
      "size": [
        1,
        1
      ],
      "bytes": 8,
      "class": "double",
      "global": false,
      "sparse": false,
      "complex": false,
      "nesting": {
        "function": "Soil_Resistence",
        "level": 1
      },
      "persistent": false
    },
    {
      "name": "Osat",
      "size": [
        1,
        1
      ],
      "bytes": 8,
      "class": "double",
      "global": false,
      "sparse": false,
      "complex": false,
      "nesting": {
        "function": "Soil_Resistence",
        "level": 1
      },
      "persistent": false
    },
    {
      "name": "Pe",
      "size": [
        1,
        1
      ],
      "bytes": 8,
      "class": "double",
      "global": false,
      "sparse": false,
      "complex": false,
      "nesting": {
        "function": "Soil_Resistence",
        "level": 1
      },
      "persistent": false
    },
    {
      "name": "Phy",
      "size": [
        1,
        1
      ],
      "bytes": 8,
      "class": "double",
      "global": false,
      "sparse": false,
      "complex": false,
      "nesting": {
        "function": "Soil_Resistence",
        "level": 1
      },
      "persistent": false
    },
    {
      "name": "Pre",
      "size": [
        1,
        1
      ],
      "bytes": 8,
      "class": "double",
      "global": false,
      "sparse": false,
      "complex": false,
      "nesting": {
        "function": "Soil_Resistence",
        "level": 1
      },
      "persistent": false
    },
    {
      "name": "SPAR",
      "size": [
        1,
        1
      ],
      "bytes": 8,
      "class": "double",
      "global": false,
      "sparse": false,
      "complex": false,
      "nesting": {
        "function": "Soil_Resistence",
        "level": 1
      },
      "persistent": false
    },
    {
      "name": "Ts",
      "size": [
        1,
        1
      ],
      "bytes": 8,
      "class": "double",
      "global": false,
      "sparse": false,
      "complex": false,
      "nesting": {
        "function": "Soil_Resistence",
        "level": 1
      },
      "persistent": false
    },
    {
      "name": "Ws",
      "size": [
        1,
        1
      ],
      "bytes": 8,
      "class": "double",
      "global": false,
      "sparse": false,
      "complex": false,
      "nesting": {
        "function": "Soil_Resistence",
        "level": 1
      },
      "persistent": false
    },
    {
      "name": "a",
      "size": [
        1,
        1
      ],
      "bytes": 8,
      "class": "double",
      "global": false,
      "sparse": false,
      "complex": false,
      "nesting": {
        "function": "Soil_Resistence",
        "level": 1
      },
      "persistent": false
    },
    {
      "name": "alpVG",
      "size": [
        1,
        1
      ],
      "bytes": 8,
      "class": "double",
      "global": false,
      "sparse": false,
      "complex": false,
      "nesting": {
        "function": "Soil_Resistence",
        "level": 1
      },
      "persistent": false
    },
    {
      "name": "alpVGM",
      "size": [
        1,
        1
      ],
      "bytes": 8,
      "class": "double",
      "global": false,
      "sparse": false,
      "complex": false,
      "nesting": {
        "function": "Soil_Resistence",
        "level": 1
      },
      "persistent": false
    },
    {
      "name": "alp_soil",
      "size": [
        1,
        1
      ],
      "bytes": 8,
      "class": "double",
      "global": false,
      "sparse": false,
      "complex": false,
      "nesting": {
        "function": "Soil_Resistence",
        "level": 1
      },
      "persistent": false
    },
    {
      "name": "bVG",
      "size": [
        1,
        1
      ],
      "bytes": 8,
      "class": "double",
      "global": false,
      "sparse": false,
      "complex": false,
      "nesting": {
        "function": "Soil_Resistence",
        "level": 1
      },
      "persistent": false
    },
    {
      "name": "b_soil",
      "size": [
        1,
        1
      ],
      "bytes": 8,
      "class": "double",
      "global": false,
      "sparse": false,
      "complex": false,
      "nesting": {
        "function": "Soil_Resistence",
        "level": 1
      },
      "persistent": false
    },
    {
      "name": "ea",
      "size": [
        1,
        1
      ],
      "bytes": 8,
      "class": "double",
      "global": false,
      "sparse": false,
      "complex": false,
      "nesting": {
        "function": "Soil_Resistence",
        "level": 1
      },
      "persistent": false
    },
    {
      "name": "id_location",
      "size": [
        1,
        5
      ],
      "bytes": 10,
      "class": "char",
      "global": true,
      "sparse": false,
      "complex": false,