{
  "B": [
    60.780119467677963,
    0,
    342.00672117122247,
    249.97143007697042,
    2.9405960199202652,
    0,
    60.219880532322037,
    0
  ],
  "Btm1": [
    61,
    0,
    343,
    250,
    3,
    0,
    60,
    0
  ],
  "IS": [
    0.045576252664828273,
    0.0013829707534374379,
    0.01244673678093694,
    0,
    0,
    0.57367100344080935,
    0.018744757563832676,
    0.16870281807449408,
    0,
    0.0025828678347479413,
    0,
    0.02276737314810633,
    0.00018449055962485296,
    0,
    0.0016262409391504522,
    0.0012914339173739707,
    0,
    0.0026473689707100386
  ],
  "Kreserve": 1000.0046292538183,
  "KreserveM": 1000.0046292538183,
  "ManI": 0,
  "Mpar": {
    "jDay_cut": [
      132,
      168,
      202,
      238,
      292
    ],
    "LAI_cut": 1.68,
    "jDay_harv": null,
    "B_harv": 0,
    "Date_log": null,
    "fract_log": 0,
    "Date_fire": null,
    "fire_eff": 0,
    "funb_nit": 0.15,
    "Date_girdling": null,
    "fract_girdling": 0,
    "Date_sowing": null,
    "Date_harvesting": null,
    "Crop_B": [
      0,
      0
    ],
    "Crop_crown": 1,
    "fract_resprout": 0.2,
    "fract_left": 1,
    "fract_left_fr": 0,
    "fract_left_AB": 0,
    "fract_left_BG": 1
  },
  "Nreserve": 1000.0202886562121,
  "NreserveM": 1000.0202886562121,
  "NuLIT": [
    0.0038240134132362645,
    0.00027314381523116176,
    0.0019120067066181322
  ],
  "NuLITtm1": [
    0,
    0,
    0
  ],
  "OPT_SB": 0,
  "Preserve": 1000.0014491897294,
  "PreserveM": 1000.0014491897294,
  "RB": [
    0,
    0,
    0,
    0,
    0,
    0,
    0
  ],
  "Rexmy": [
    0,
    0,
    0
  ],
  "Sfr": 0.059405960199202655,
  "Slf": 0,
  "Sll": 0.21988077126108521,
  "Sr": 0.761118579079136,
  "St": {
    "Nl": 23,
    "Ns": 158.62068965517241,
    "Nr": 26.744186046511629,
    "Nf": 23,
    "Nh": 158.62068965517241,
    "Phol": 322,
    "Phos": 2220.6896551724139,
    "Phor": 374.41860465116281,
    "Phof": 322,
    "Phoh": 2220.6896551724139,
    "Kpotl": 46,
    "Kpots": 317.24137931034483,
    "Kpotr": 230,
    "Kpotf": 46,
    "Kpoth": 317.24137931034483,
    "ftransR": 0.2,
    "ftransL": 0.6,
    "FiS": 1,
    "Lig_fr_l": 0.15,
    "Lig_fr_fr": 0.1,
    "Lig_fr_h": 0.25,
    "Lig_fr_r": 0.1
  },
  "SupK": 1,
  "SupN": 1,
  "SupP": 1,
  "Swm": 0,
  "TNIT": 17.138274146283248,
  "TPHO": 1.2241624390202319,
  "TPOT": 3.6620841172066929,
  "TexC": 0.82052453927833868,
  "TexK": 0.003938802888084009,
  "TexN": 0.02535024098285427,
  "TexP": 0.0018107314987753052,
  "a": 33,
  "fab": 0,
  "fbe": 1,
  "id_location": "ZURICH_SMA",
  "inputs": {
    "B": [
      60.780119467677963,
      0,
      342.00672117122247,
      249.97143007697042,
      2.9405960199202652,
      0,
      60.219880532322037,
      0
    ],
    "Btm1": [
      61,
      0,
      343,
      250,
      3,
      0,
      60,
      0
    ],
    "Kreserve": 1000.0046292538183,
    "ManI": 0,
    "Mpar": {
      "jDay_cut": [
        132,
        168,
        202,
        238,
        292
      ],
      "LAI_cut": 1.68,
      "jDay_harv": null,
      "B_harv": 0,
      "Date_log": null,
      "fract_log": 0,
      "Date_fire": null,
      "fire_eff": 0,
      "funb_nit": 0.15,
      "Date_girdling": null,
      "fract_girdling": 0,
      "Date_sowing": null,
      "Date_harvesting": null,
      "Crop_B": [
        0,
        0
      ],
      "Crop_crown": 1,
      "fract_resprout": 0.2,
      "fract_left": 1,
      "fract_left_fr": 0,
      "fract_left_AB": 0,
      "fract_left_BG": 1
    },
    "Nreserve": 1000.0202886562121,
    "NuLITtm1": [
      0,
      0,
      0
    ],
    "OPT_SB": 0,
    "Preserve": 1000.0014491897294,
    "RB": [
      0,
      0,
      0,
      0,
      0,
      0,
      0
    ],
    "Rexmy": [
      0,
      0,
      0
    ],
    "Sfr": 0.059405960199202655,
    "Slf": 0,
    "Sll": 0.21988077126108521,
    "Sr": 0.761118579079136,
    "St": {
      "Nl": 23,
      "Ns": 158.62068965517241,
      "Nr": 26.744186046511629,
      "Nf": 23,
      "Nh": 158.62068965517241,
      "Phol": 322,
      "Phos": 2220.6896551724139,
      "Phor": 374.41860465116281,
      "Phof": 322,
      "Phoh": 2220.6896551724139,
      "Kpotl": 46,
      "Kpots": 317.24137931034483,
      "Kpotr": 230,
      "Kpotf": 46,
      "Kpoth": 317.24137931034483,
      "ftransR": 0.2,
      "ftransL": 0.6,
      "FiS": 1,
      "Lig_fr_l": 0.15,
      "Lig_fr_fr": 0.1,
      "Lig_fr_h": 0.25,
      "Lig_fr_r": 0.1
    },
    "Swm": 0,
    "fab": 0,
    "fbe": 1,
    "id_location": "ZURICH_SMA",
    "rKc": 1,
    "rNc": 1,
    "rPc": 1
  },
  "rKc": 1,
  "rNc": 1,
  "rPc": 1,
  "w": [
    {
      "name": "B",
      "size": [
        1,
        1,
        8
      ],
      "bytes": 64,
      "class": "double",
      "global": false,
      "sparse": false,
      "complex": false,
      "nesting": {
        "function": "Plant_Exports",
        "level": 1
      },
      "persistent": false
    },
    {
      "name": "Btm1",
      "size": [
        1,
        1,
        8
      ],
      "bytes": 64,
      "class": "double",
      "global": false,
      "sparse": false,
      "complex": false,
      "nesting": {
        "function": "Plant_Exports",
        "level": 1
      },
      "persistent": false
    },
    {
      "name": "IS",
      "size": [
        18,
        1
      ],
      "bytes": 144,
      "class": "double",
      "global": false,
      "sparse": false,
      "complex": false,
      "nesting": {
        "function": "Plant_Exports",
        "level": 1
      },
      "persistent": false
    },
    {
      "name": "Kreserve",
      "size": [
        1,
        1
      ],
      "bytes": 8,
      "class": "double",
      "global": false,
      "sparse": false,
      "complex": false,
      "nesting": {
        "function": "Plant_Exports",
        "level": 1
      },
      "persistent": false
    },
    {
      "name": "KreserveM",
      "size": [
        1,
        1
      ],
      "bytes": 8,
      "class": "double",
      "global": false,
      "sparse": false,
      "complex": false,
      "nesting": {
        "function": "Plant_Exports",
        "level": 1
      },
      "persistent": false
    },
    {
      "name": "ManI",
      "size": [
        1,
        1
      ],
      "bytes": 8,
      "class": "double",
      "global": false,
      "sparse": false,
      "complex": false,
      "nesting": {
        "function": "Plant_Exports",
        "level": 1
      },
      "persistent": false
    },
    {
      "name": "Mpar",
      "size": [
        1,
        1
      ],
      "bytes": 2980,
      "class": "struct",
      "global": false,
      "sparse": false,
      "complex": false,
      "nesting": {
        "function": "Plant_Exports",
        "level": 1
      },
      "persistent": false
    },
    {
      "name": "Nreserve",
      "size": [
        1,
        1
      ],
      "bytes": 8,
      "class": "double",
      "global": false,
      "sparse": false,
      "complex": false,
      "nesting": {
        "function": "Plant_Exports",
        "level": 1
      },
      "persistent": false
    },
    {
      "name": "NreserveM",
      "size": [
        1,
        1
      ],
      "bytes": 8,
      "class": "double",
      "global": false,
      "sparse": false,
      "complex": false,
      "nesting": {
        "function": "Plant_Exports",
        "level": 1
      },
      "persistent": false
    },
    {
      "name": "NuLIT",
      "size": [
        1,
        3
      ],
      "bytes": 24,
      "class": "double",
      "global": false,
      "sparse": false,
      "complex": false,
      "nesting": {
        "function": "Plant_Exports",
        "level": 1
      },
      "persistent": false
    },
    {
      "name": "NuLITtm1",
      "size": [
        1,
        1,
        3
      ],
      "bytes": 24,
      "class": "double",
      "global": false,
      "sparse": false,
      "complex": false,
      "nesting": {
        "function": "Plant_Exports",